Tittle,Название,Категория,Состав,Метод,Теги,Фото,Фото-ссылка
,"Лимонад ""Апельсин-Базилик""","Лимонад ","Кордиал ""Апельсин-Базилик"" п/ф 50 мл
Бонаква 200 мл
Апельсин (украшение) 1 долька","Бокал наполнить льдом. Налить кордиал, долить Бонаквой, перемешать. Украсить долькой апельсина в бокал.",Свежий Цитрусовый Травянистый,,
,Глинтвейн Б/А (красный/белый),Лимонад,"Сок (вишня/яблоко) 175 мл
Мёд 15 гр
Апельсин 1 долька
Яблоко 1 долька
Приправа для глинтвейна 1 гр
Апельсин сушёный 1 слайс","В Питчер добавить сок, фрукты нарезанные кубиками, мёд и специю. Подогреть на Форсунке, перемешать дополнительно ложкой и перелить в бокал. Сверху положить Сушёный Апельсин.",Безалкогольный Пряный Согревающий,IMG_7468.jpeg(https://pbt.storage.yandexcloud.net/nc/uploads/noco/p7e1e84wasa5nlq/mqo5ga1nk6h8lv8/c5h5liohk8szroq/IMG_7468_7_Lrr.jpeg?X-Amz-Algorithm=AWS4-HMAC-SHA256&X-Amz-Content-Sha256=UNSIGNED-PAYLOAD&X-Amz-Credential=NxjF5S1zfggO3fDBLWFg%2F20260903%2Fru-central1-d%2Fs3%2Faws4_request&X-Amz-Date=20260903T115612Z&X-Amz-Expires=7428&X-Amz-Signature=9dfc6ca7674301f6faf645010ca7d6d4a4a0948552a5ef00d342c7ba53fb812e&X-Amz-SignedHeaders=host&response-content-disposition=inline%3B%20filename%3D%22IMG_7468.jpeg%22&response-content-type=image%2Fjpeg&x-amz-checksum-mode=ENABLED&x-id=GetObject),https://pbt.storage.yandexcloud.net/nc/uploads/noco/p7e1e84wasa5nlq/mqo5ga1nk6h8lv8/c5h5liohk8szroq/IMG_7468_7_Lrr.jpeg
,Клубничный Мохито Б/А,Лимонад,"Лайм 50 гр
Сироп ""Клубника"" 40 мл
Мята 5 гр
Вода Бонаква газ. 150 мл
Клубника с/м 3 слайса","В бокале потолочь лайм и сироп. Добавить мяту и колотый лёд, долить сверху Бонаквой. Размешать. Украсить тремя слайсами клубники на лёд.",Свежий Летний  Клубничный,,
,Лимонад Домашний (1 л.),Лимонад,"Фреш Апельсина 250 мл
Добрый Лимон-Лайм 450 мл
Лимон 5 долек","В графин положить лимон,налить Фреш, засыпать льдом и долить Добрый Лимон-Лайм.",Домашний Цитрусовый  НаКомпанию,,
,Лимонад Домашний (350 мл.),Лимонад,"Фреш Апельсина 100 мл
Добрый Лимон-Лайм 150 мл
Лимон 4 дольки","В бокал положить лимон,налить Фреш, засыпать льдом и долить Добрый Лимон-Лайм.","Домашний Цитрусовый ",,
,Мохито Б/А,Лимонад,"Лайм 50 гр
Сахарный сироп 40 мл
Мята 5 гр
Вода Бонаква газ. 150 мл","В бокале потолочь лайм и сахар.сироп. Добавить мяту и колотый лёд, долить сверху Бонаквой. Размешать. Украсить долькой лайма на лёд.",Свежий Летний Мятный,IMG_7469.jpeg(https://pbt.storage.yandexcloud.net/nc/uploads/noco/p7e1e84wasa5nlq/mqo5ga1nk6h8lv8/c5h5liohk8szroq/IMG_7469_Z-_AE.jpeg?X-Amz-Algorithm=AWS4-HMAC-SHA256&X-Amz-Content-Sha256=UNSIGNED-PAYLOAD&X-Amz-Credential=NxjF5S1zfggO3fDBLWFg%2F20260903%2Fru-central1-d%2Fs3%2Faws4_request&X-Amz-Date=20260903T115612Z&X-Amz-Expires=7428&X-Amz-Signature=d2b3c8c5632d2f98fae35e738812344567148ffa1a13d48adf72d1f52d444cf1&X-Amz-SignedHeaders=host&response-content-disposition=inline%3B%20filename%3D%22IMG_7469.jpeg%22&response-content-type=image%2Fjpeg&x-amz-checksum-mode=ENABLED&x-id=GetObject),https://pbt.storage.yandexcloud.net/nc/uploads/noco/p7e1e84wasa5nlq/mqo5ga1nk6h8lv8/c5h5liohk8szroq/IMG_7469_b78Ku.jpeg
,"Кордиал ""Апельсин-Базилик"" ",Заготовка,"Базилик 30 гр
Цедра апельсина (~1 апельсин) 30 гр
Вода фильтр 650 мл
Сахар песок 600 гр
Соль 2 гр
Лимонная кислота 10 гр
Аскорбиновая кислота 6 гр","Базилик заморозить и мелко порубить. Снять цедру с 1 апельсина. Воду и сахар смешать, чтобы получился САХАРНЫЙ СИРОП. В вакуумном пакете смешать: Базилик, Цедру Апельсина, Сахарный Сироп, Кислоты и Соль. Запаять пакет в вакууматоре на режиме ""2"" (лучше 2 раза, чтобы не протёк). Положить пакет на противень и убрать его на кофемашину на 2-3 часа. Отфильтровать через мелкое сито, залить в бутылку и убрать в холодильник.",Полуфабрикат Заготовка,,
,"Кордиал ""Имбирь-Лайм"" ",Заготовка,"Имбирь свеж. 150 гр.
Вода фильтрованная 600 мл.
Лайм 300 гр.
Сахар-песок 350 гр.
Лимонная кислота 3,5 гр.","Промыть имбирь, почистить ложкой столовой и натереть на средней тёрке. С лайма снять цедру и потом выдавить сок. В кастрюлю-сотейник добавить: САХАР, ВОДУ, ЦЕДРУ ЛАЙМА и НАТЁРТЫЙ ИМБИРЬ. Проварить на среднем огне до растворения сахара и потом ещё 2 мин!. Выключить плиту и в кастрюлю добавить сок лаймов и лимонную кислоту. Накрыть крышкой на 5 мин. Убрать крышку, дать остыть до комнатной температуры и отфильтровать через мелкое сито по бутылкам. В холодильник на 2 часа!",Полуфабрикат Заготовка,,
,"Кордиал ""Клюква"" ",Заготовка,"Клюква с/м 240 гр.
Лист Кафирского лайма 3 шт.
Лимонная кислота 18 гр.
Яблочная кислота 10 гр.
Аскорбиновая кислота 3 гр.
Вода фильтрованная 700 мл.","Клюкву предварительно разморозить при комнатной температуре. Забросить все ингредиенты (кроме ВОДЫ) в вакуумный пакет и завакуумировать на режиме ""1"". Немного раздавить клюкву в пакете. 2 часа на кофемашине или тёплом месте. Через 2 часа смешать с водой в мернике и дать постоять 10 мин. Отфильтровать через мелкое сито по бутылкам. В холодильник на 2 часа!",Полуфабрикат Заготовка,,
,"Сироп ""Рябина"" ",Заготовка,"Черноплодная рябина с/м 500 гр.
Чай Каркаде (кухня) 20 гр.
Сахар 900 гр.
Вода фильтр. 1100 мл.","Все ингредиенты добавить в кастрюлю-сотейник. Довести до кипения и варить на медленном огне 20 мин, помешивая. Дать остыть, процедить через сито не продавливая ягоду! Перелить в стекляную бутылку.",Полуфабрикат Заготовка,,
,"Сироп ""Чайный"" ",Заготовка,"Сахар-песок 200 гр
Вода фильтр 300 мл
Чай ""Молочный улун"" 6 гр
Лимонная кислота 2 гр","Воду и сахар смешать, чтобы получился САХАРНЫЙ СИРОП. Смешать в вакуумном пакете: ЧАЙ МОЛОЧНЫЙ УЛУН и САХАРНЫЙ СИРОП (без кислоты). Запаять пакет, с помощью вакууматора на режиме""2""; (лучше 2 раза, чтоыб не протёк). Положить на противень и убрать в холодильник на ~20 часов. По окончании времени достать, отфильтровать, добавить ЛИМОННУЮ КИСЛОТУ (размешать) и перелить в стекляную бутылку. Убрать в холодильник на 2 часа.",Полуфабрикат Заготовка,,
,"Холодный Чай ""Жасмин"" ",Заготовка,"Вода фильтрованная 750 мл.
Чай ""Молихуа"" 16 гр.","В вакуумный пакет добавить все ингредиенты и запаять, на режиме вакууматора ""2"" (можно пару раз, чтобы крепко). Положить вакуумный пакет на противень и убрать на 20-24 часа в холодильник. После, отфильтровать мелким сито в бутылку.",КолдБрю Заготовка,,
,"Холодный чай ""Улун"" ",Заготовка,"Вода фильтр. 750 мл.
Чай ""Молочный Улун"" 18 гр.","Все ингредиенты добавить в вакуумный пакет (откачать воздух и запаять, с помощью вакууматора на режиме ""2""). Положить на кухонный противень и убрать в холодильник на 20-24 часа. По окончании времени достать, отфильтровать и перелить в стекляную бутылку. Срок годности: 1 месяц.",КолдБрю Заготовка,,
,"Чай ""Бабушкин взвар""",Лимонад,"Яблочные чипсы (сухофрукты) 12 гр.
Тимьян 1 гр.
Чай с чабрецом 3 гр.
Мёд 25 гр.
Имбирь 20 гр.
Лимон 10 гр.","В чайник добавить Чай с чабрецом и Сухофрукты, залить кипятком на 1/3 чайника. Добавить оставшиеся ингредиенты и долить китяток дополна. Размешать.",Авторский Согревающий Чай,,
,"Чай ""Груша-Мята""",Лимонад,"Чай ""Фудин"" 3 гр.
Груша свеж. 60 гр.
Сироп ""Груша"" Монин 30 мл.
Яблоко свеж. 30 гр.
Мята 2 гр.",Все ингредиенты добавить в чайник и залить кипятком. Размешать.,Авторский Согревающий Чай,IMG_7451.jpeg(https://pbt.storage.yandexcloud.net/nc/uploads/noco/p7e1e84wasa5nlq/mqo5ga1nk6h8lv8/c5h5liohk8szroq/IMG_7451_GKD1f.jpeg?X-Amz-Algorithm=AWS4-HMAC-SHA256&X-Amz-Content-Sha256=UNSIGNED-PAYLOAD&X-Amz-Credential=NxjF5S1zfggO3fDBLWFg%2F20260903%2Fru-central1-d%2Fs3%2Faws4_request&X-Amz-Date=20260903T115612Z&X-Amz-Expires=7428&X-Amz-Signature=b8e2e0de0338cdc89c88bb3a4e29b9ddb47a89f6556e9bd7130a79e4bfa8109b&X-Amz-SignedHeaders=host&response-content-disposition=inline%3B%20filename%3D%22IMG_7451.jpeg%22&response-content-type=image%2Fjpeg&x-amz-checksum-mode=ENABLED&x-id=GetObject),https://pbt.storage.yandexcloud.net/nc/uploads/noco/p7e1e84wasa5nlq/mqo5ga1nk6h8lv8/c5h5liohk8szroq/IMG_7451_GKD1f.jpeg
,"Чай ""Зимний рубин""",Лимонад,"Чай ""Гибискус"" барный 3 гр.
Клюква с/м 30 гр.
Сироп ""Рябина"" п/ф 50 мл.
Корица палочка 4 гр.
Бадьян 3 гр.
Апельсин 20 гр.","Все ингредиенты добавить в чайник, налить сначало немного кипятка и размять клюкву. Потом долить кипяток дополна. Размешать.",Авторский Согревающий Чай,IMG_7452.jpeg(https://pbt.storage.yandexcloud.net/nc/uploads/noco/p7e1e84wasa5nlq/mqo5ga1nk6h8lv8/c5h5liohk8szroq/IMG_7452_4LS6G.jpeg?X-Amz-Algorithm=AWS4-HMAC-SHA256&X-Amz-Content-Sha256=UNSIGNED-PAYLOAD&X-Amz-Credential=NxjF5S1zfggO3fDBLWFg%2F20260903%2Fru-central1-d%2Fs3%2Faws4_request&X-Amz-Date=20260903T115612Z&X-Amz-Expires=7428&X-Amz-Signature=93d481866ff1d90d0bcec2316ee93da8f44fe08c27a7ed49016e9a9452ab62c4&X-Amz-SignedHeaders=host&response-content-disposition=inline%3B%20filename%3D%22IMG_7452.jpeg%22&response-content-type=image%2Fjpeg&x-amz-checksum-mode=ENABLED&x-id=GetObject),https://pbt.storage.yandexcloud.net/nc/uploads/noco/p7e1e84wasa5nlq/mqo5ga1nk6h8lv8/c5h5liohk8szroq/IMG_7452_4LS6G.jpeg
,"Чай ""Имбирь и Облепиха""",Лимонад,"Облепиха с/м 80 гр.
Мёд 40 гр.
Мята 3 гр.
Фреш Апельсина 50 мл.
Имбирь 30 гр.","В чайник добавить облепиху и немного кипятка, размять ягоду. Добавить оставшиеся ингредиенты. Размешать.",Авторский Согревающий Чай,,
,"Чай ""Марокканский""",Лимонад,"Чай ""Фудин"" 4 гр.
Лайм 50 гр.
Лимон 20 гр.
Кардамон 4 зерна
Гвоздика 5 шт.
Мята 5 гр.",Все ингредиенты добавить в чайник и залить кипятком. Размешать.,Авторский Согревающий Чай,,
,"Чай ""Таёжный с Малиной""",Лимонад,"Чай ""Таёжный"" 3 гр.
Малина с/м 60 гр.
Сироп ""Малина"" 30 мл.",Все ингредиенты добавить в чайник и залить кипятком. Размешать.,Авторский Согревающий Чай,IMG_7444.jpeg(https://pbt.storage.yandexcloud.net/nc/uploads/noco/p7e1e84wasa5nlq/mqo5ga1nk6h8lv8/c5h5liohk8szroq/IMG_7444_ItvtJ.jpeg?X-Amz-Algorithm=AWS4-HMAC-SHA256&X-Amz-Content-Sha256=UNSIGNED-PAYLOAD&X-Amz-Credential=NxjF5S1zfggO3fDBLWFg%2F20260903%2Fru-central1-d%2Fs3%2Faws4_request&X-Amz-Date=20260903T115612Z&X-Amz-Expires=7428&X-Amz-Signature=ef5d7401bb2080118abb8f9683ed500a45c33c19d8ed0ce891e8ebb10d6568e4&X-Amz-SignedHeaders=host&response-content-disposition=inline%3B%20filename%3D%22IMG_7444.jpeg%22&response-content-type=image%2Fjpeg&x-amz-checksum-mode=ENABLED&x-id=GetObject),https://pbt.storage.yandexcloud.net/nc/uploads/noco/p7e1e84wasa5nlq/mqo5ga1nk6h8lv8/c5h5liohk8szroq/IMG_7444_ItvtJ.jpeg
,Gin Basil,Коктейль,"Джин ""Барристер"" 60 мл
Сок лимона 20 мл
Сироп ""Базилик"" 20 мл
Базилик свежий 1 лист",В шейкер добавить все ингредиенты. Шейкуем со льдом. В бокал со льдом перелить с помощью сито и стрейнера. Украсить листиком базилика сверху.,Сливочный Травянистый Джин,IMG_7415.jpeg(https://pbt.storage.yandexcloud.net/nc/uploads/noco/p7e1e84wasa5nlq/mqo5ga1nk6h8lv8/c5h5liohk8szroq/IMG_7415_xwRyW.jpeg?X-Amz-Algorithm=AWS4-HMAC-SHA256&X-Amz-Content-Sha256=UNSIGNED-PAYLOAD&X-Amz-Credential=NxjF5S1zfggO3fDBLWFg%2F20260903%2Fru-central1-d%2Fs3%2Faws4_request&X-Amz-Date=20260903T115612Z&X-Amz-Expires=7428&X-Amz-Signature=a9a915ab0dabf381709ead5d371df46bc394f8ff6c7824e65fee6bb0e9b6c903&X-Amz-SignedHeaders=host&response-content-disposition=inline%3B%20filename%3D%22IMG_7415.jpeg%22&response-content-type=image%2Fjpeg&x-amz-checksum-mode=ENABLED&x-id=GetObject),https://pbt.storage.yandexcloud.net/nc/uploads/noco/p7e1e84wasa5nlq/mqo5ga1nk6h8lv8/c5h5liohk8szroq/IMG_7415_xwRyW.jpeg
,Jasmin,Коктейль,"Ликер ""Кампари"" 10 мл
Ликер ""Трипл Сек"" 10 мл
Джин ""Барристер"" 40 мл
Сок лимона 25 мл
Сахарный Сироп 10 мл
Цедра Апельсина (украшение) 3 гр",В шейкер со льдом добавить все ингредиенты и шейкуем. Перелить в бокал со льдом с помощью сито и стрейнера. Сверху на коктейль украсить цедрой апельсина.,Терпкий Грейпфрут Необычный,,
,Popcorn Sour,Коктейль,"Ром ""Гавана клаб Аньехо"" 30 мл
Сироп ""Попкорн"" 15 мл
Сок Лимона 20 мл
Пенообразователь 3 капли",В шейкер (без льда) добавить все ингредиенты. Интенсивно шейкуем на протяжении ~10 сек.. Добавить в шейкер лёд и шейкуем со льдом. Перелить в бокал с помощью Стрейнера и Сито. Будет воздушным с пенкой.,Авторский Десертный Сауэр,,
,Tea Collins,Коктейль,"Джин ""Барристер"" 50 мл
Сок Лимона 20 мл
Сироп ""Чайный"" п/ф 40 мл
Вода Бонаква газ. 150 мл
Мята (украшение) 1 веточка","Все ингредиенты, кроме Бонаквы шейкуем, с помощью сито переливаем в бокал на лёд. Долить Бонаквой, размешать. Украситьветочкой мяты.",Авторский Мягкий Коллинз,,
,Лонг-Айленд,Коктейль,"Джин ""Барристер"" 10 мл
Ром ""Гавана клаб Аньехо"" 10 мл
Текила ""Дон Рамон Сильвер"" 10 мл
Водка ""Тундра Нордик"" 10 мл
Ликер ""Трипл сек"" 10 мл
Лимон (украшение) 1 долька
Добрый Кока-Кола 120 мл","Бокал наполнить льдом, добавить алкоголь и лимон, долить Колой. Перемешать.",Новая_Классика Крепкий,,
,Бульвардье,Коктейль,"Виски ""Йелоу Роуз Премиум"" 30 мл
Ликер ""Кампари"" 30 мл
Вермут ""Мартини Россо"" 30 мл
Цедра апельсина (украшение) 3 гр",Все ингредиенты наливаем в СМЕСИТЕЛЬНЫЙ СТАКАН. Добавляем лёд на 1/3. Хорошо стируем 10-15 сек. Переливаем в бокал на 1/2 наполненый льдом. Украшаем цедрой.,Классика Негрони,,
,Дайкири,Коктейль,"Ром ""Гавана клаб Аньехо"" 60 мл
Сахарный сироп 20 мл
Сок лайма 25 мл
Лайм (украшение) 1 слайс",Все ингредиенты в шейкер. (С помощью СКВИЗЕРа можно выдавить сок из половины лайма). Шейкуем всё со льдом. Перелить с помощью сито и стрейнера и сверху положить слайс лайма (чтобы плавал!),КлассикаСвежий Кислый Сауэр,,
,Джин -Тоник,Коктейль,"Джин ""Босфорд"" 40 мл
Тоник ""Rich Tonic"" 120 мл
Слайс огурца (украшение) 2-3 кружка
Лайм 1 долька","Наполнить 2/3 бокала льдом. Налить все ингредиенты на лёд и перемешать, положить украшение (на выбор: слайсы огурцов или лайм) внутрь.","Крепкий Терпкий ",,
,Clover Леди,Коктейль,"Джин ""Барристер"" 60 мл
Сироп ""Малина"" 20 мл
Сироп ""Гренадин"" 10 мл
Сок Лимона 30 мл
Пенообразователь 4 капли
Сублимированная малина (украш.)","Шейкер заполнить льдом на 2/3 и налить джин, сиропы и сок лимона. Открыть шейкер и перелить жидкость в одну его половину, а из второй высыпать лёд и добавить в шейкер пенообразователь. Встряхнуть жидкость и пенообразователь без льда. После, перелить получившийся коктейль с помощью СТРЕЙНЕРА и СИТО в бокал чтобы он получился воздушным с пенкой. Посыпать пену малиной.",Классика Твист Малиновый Фирменный,IMG_7414.jpeg(https://pbt.storage.yandexcloud.net/nc/uploads/noco/p7e1e84wasa5nlq/mqo5ga1nk6h8lv8/c5h5liohk8szroq/IMG_7414_gR_Og.jpeg?X-Amz-Algorithm=AWS4-HMAC-SHA256&X-Amz-Content-Sha256=UNSIGNED-PAYLOAD&X-Amz-Credential=NxjF5S1zfggO3fDBLWFg%2F20260903%2Fru-central1-d%2Fs3%2Faws4_request&X-Amz-Date=20260903T115612Z&X-Amz-Expires=7428&X-Amz-Signature=3d390b72a62fbfcfee810a3702531aebab34555d807bdf7c44a22074b49788e4&X-Amz-SignedHeaders=host&response-content-disposition=inline%3B%20filename%3D%22IMG_7414.jpeg%22&response-content-type=image%2Fjpeg&x-amz-checksum-mode=ENABLED&x-id=GetObject),https://pbt.storage.yandexcloud.net/nc/uploads/noco/p7e1e84wasa5nlq/mqo5ga1nk6h8lv8/c5h5liohk8szroq/IMG_7414_gR_Og.jpeg
,Cream Coffee,Коктейль,"Ликер ""Бэйлис"" 30 мл
Водка ""ТУНДРА НОРДИК"" 30 мл
Ликер ""Фруко Кофейный"" 30 мл
Сливки 33% 40 мл","Бокал наполнить льдом. Добавить все игредиенты в Шейкер, засыпать лёд и шейкуем. ВЫСЫПАТЬ ЛЁД ИЗ БОКАЛА. Перелить коктейль из шейкера в бокал с помощью СТРЕЙНЕРА и СИТО.",Авторский Десертный Кремовый Сливочный,,
,HUGO,Коктейль,"Игристое ""Невская жемчужина"" брют 150 мл
Сироп ""Бузина"" 20 мл
Вода Бонаква газ. 50 мл
Лайм 4 дольки",В засыпать лёд и добавить все ингредиенты. Размешать.,hugo хьюго хуго,IMG_7412.jpeg(https://pbt.storage.yandexcloud.net/nc/uploads/noco/p7e1e84wasa5nlq/mqo5ga1nk6h8lv8/c5h5liohk8szroq/IMG_7412_HcPMS.jpeg?X-Amz-Algorithm=AWS4-HMAC-SHA256&X-Amz-Content-Sha256=UNSIGNED-PAYLOAD&X-Amz-Credential=NxjF5S1zfggO3fDBLWFg%2F20260903%2Fru-central1-d%2Fs3%2Faws4_request&X-Amz-Date=20260903T115612Z&X-Amz-Expires=7428&X-Amz-Signature=10e2bf528d10bd15580b9f5121bc3639340bdae65dee8f4d8e9b3620a1ee4364&X-Amz-SignedHeaders=host&response-content-disposition=inline%3B%20filename%3D%22IMG_7412.jpeg%22&response-content-type=image%2Fjpeg&x-amz-checksum-mode=ENABLED&x-id=GetObject),https://pbt.storage.yandexcloud.net/nc/uploads/noco/p7e1e84wasa5nlq/mqo5ga1nk6h8lv8/c5h5liohk8szroq/IMG_7412_HcPMS.jpeg
,Апероль Спритц,Коктейль,"Ликер ""Апероль"" 50 мл
Игристое ""Невская жемчужина"" брют 120 мл
Вода Бонаква газ. 80 мл
Апельсин (украшение) 1 долька",Бокал наполнить льдом. Залить все ингредиенты и добавить дольку апельсина внутрь. Слегка размешать.,апероль спритц Aperol spritz,,
,Глинтвейн на вине (Красный/Белый),Коктейль,"Вино тетрапак (красное/белое) 175 мл
Мёд 20 гр
Апельсин 1 долька
Яблоко 1 долька
Приправа для глинтвейна 1 гр
Апельсин сушёный 1 слайс","В Питчер добавить вино, фрукты нарезанные кубиками, мёд и специю. Подогреть на Форсунке, перемешать дополнительно ложкой и перелить в бокал. Сверху положить Сушёный Апельсин.",глинтвейн вине красный белый,IMG_7468.jpeg(https://pbt.storage.yandexcloud.net/nc/uploads/noco/p7e1e84wasa5nlq/mqo5ga1nk6h8lv8/c5h5liohk8szroq/IMG_7468_pa4mP.jpeg?X-Amz-Algorithm=AWS4-HMAC-SHA256&X-Amz-Content-Sha256=UNSIGNED-PAYLOAD&X-Amz-Credential=NxjF5S1zfggO3fDBLWFg%2F20260903%2Fru-central1-d%2Fs3%2Faws4_request&X-Amz-Date=20260903T115612Z&X-Amz-Expires=7428&X-Amz-Signature=9d9a89169adf03682739fba2bc73cd44c7ff49a57c891fa2cededfc8c73be21f&X-Amz-SignedHeaders=host&response-content-disposition=inline%3B%20filename%3D%22IMG_7468.jpeg%22&response-content-type=image%2Fjpeg&x-amz-checksum-mode=ENABLED&x-id=GetObject),https://pbt.storage.yandexcloud.net/nc/uploads/noco/p7e1e84wasa5nlq/mqo5ga1nk6h8lv8/c5h5liohk8szroq/IMG_7468_7_Lrr.jpeg
,Горький Персик,Коктейль,"Водка ""ТУНДРА НОРДИК"" 30 мл
Ликер ""Апероль"" 20 мл
Игристое ""Невская жемчужина"" брют 60 мл
Сок ""Персик"" 60 мл
Персик консервир. (украшение) 1 долька","Засыпать КУСКОВОЙ ЛЁД на 2/3 бокала. Налить Апероль, водку, игристое и сок. Размешать. Досыпать в бокал КОЛОТЫЙ ЛЁД до краёв. Украсить 1 долькой персика на лёд.",горький персик,,
,Джон Колинз,Коктейль,"Джин ""Барристер"" 40 мл
Вода Бонаква газ. 150 мл
Сахарный сироп 20 мл
Сок Лимона 15 мл
Лимон (украшение) 1 долька","Бокал заполнить льдом. Все ингредиенты налить в бокал и долить Бонаквой доверху, украсить долькой лимона в бокал.",Классика Кислый Освежающий,1a3ce21c-4be5-46dc-a5df-e62521b0e4d1.jpg(https://pbt.storage.yandexcloud.net/nc/uploads/noco/p7e1e84wasa5nlq/mqo5ga1nk6h8lv8/c5h5liohk8szroq/1a3ce21c-4be5-46dc-a5df-e62521b0e4d1_sUa2b.jpg?X-Amz-Algorithm=AWS4-HMAC-SHA256&X-Amz-Content-Sha256=UNSIGNED-PAYLOAD&X-Amz-Credential=NxjF5S1zfggO3fDBLWFg%2F20260903%2Fru-central1-d%2Fs3%2Faws4_request&X-Amz-Date=20260903T115612Z&X-Amz-Expires=7428&X-Amz-Signature=a5a3868391a573228ef75210e56c8579afc70606444034bc55f63749343d0372&X-Amz-SignedHeaders=host&response-content-disposition=inline%3B%20filename%3D%221a3ce21c-4be5-46dc-a5df-e62521b0e4d1.jpg%22&response-content-type=image%2Fjpeg&x-amz-checksum-mode=ENABLED&x-id=GetObject),https://pbt.storage.yandexcloud.net/nc/uploads/noco/p7e1e84wasa5nlq/mqo5ga1nk6h8lv8/c5h5liohk8szroq/1a3ce21c-4be5-46dc-a5df-e62521b0e4d1_sUa2b.jpg
,Ежевичная Люси,Коктейль,"Водка ""ТУНДРА НОРДИК"" 50 мл
Сироп ""Ежевика"" 25 мл
Сок Лимона 25 мл
Вода Бонаква газ. 150 мл","В Шейкер добавить сироп, сок лимона и водку, лёд и шейкуем. Из шейкера с помощью Стрейнера и Сито перелить в бокал со льдом коктейль и долить Бонакву газированную. Перемешать.",Простой Понятный Сладкий,IMG_7413.jpeg(https://pbt.storage.yandexcloud.net/nc/uploads/noco/p7e1e84wasa5nlq/mqo5ga1nk6h8lv8/c5h5liohk8szroq/IMG_7413_H7F3d.jpeg?X-Amz-Algorithm=AWS4-HMAC-SHA256&X-Amz-Content-Sha256=UNSIGNED-PAYLOAD&X-Amz-Credential=NxjF5S1zfggO3fDBLWFg%2F20260903%2Fru-central1-d%2Fs3%2Faws4_request&X-Amz-Date=20260903T115612Z&X-Amz-Expires=7428&X-Amz-Signature=222d9d7817fcb54098170cb0202521234eeb821b4e8b9f5a28ee894dc3c3ffb4&X-Amz-SignedHeaders=host&response-content-disposition=inline%3B%20filename%3D%22IMG_7413.jpeg%22&response-content-type=image%2Fjpeg&x-amz-checksum-mode=ENABLED&x-id=GetObject),https://pbt.storage.yandexcloud.net/nc/uploads/noco/p7e1e84wasa5nlq/mqo5ga1nk6h8lv8/c5h5liohk8szroq/IMG_7413_H7F3d.jpeg
,Кампари Тоник,Коктейль,"Ликер ""Кампари"" 40 мл
Тоник ""Rich Tonic"" 150 мл
Лайм 4 дольки","В бокал для красного вина засыпать лёд и добавить все ингредиенты. Размешать. Лайм можно надрезать поперёк, чтобы дал сок",Спритц Тоник Свежий,,
,Клубничный Мохито,Коктейль,"Лайм 50 гр
Сироп ""Клубника"" 40 мл
Мята 5 гр
Вода Бонаква газ. 150 мл
Ром ""Гавана клаб Аньехо"" 60 мл
Клубника с/м 3 слайса","В бокале потолочь лайм и клубничный сироп. Добавить мяту и колотый лед, налить Ром и долить сверху Бонакву газированную. Размешать. Украсить тремя слайсами клубники на лёд (можно слегка разморозить форсункой).",Ягодный Свежий Летний,,
,Лонг-Айленд,Коктейль,"Джин ""Барристер"" 10 мл
Ром ""Гавана клаб Аньехо"" 10 мл
Текила ""Ольмека Бланко"" 10 мл
Водка ""ТУНДРА НОРДИК"" 10 мл
Ликер ""Трипл сек"" 10 мл
Лимон (украшение) 1 долька
Добрый Кока-Кола 120 мл","Бокал наполнить льдом, добавить алкоголь и лимон, долить Колой. Перемешать.",Новая_Классика Крепкий,,
,Мохито,Коктейль,"Лайм 50 гр
Сахарный сироп 40 мл
Мята 5 гр
Вода Бонаква газ. 150 мл
Ром ""Гавана клаб Аньехо"" 60 мл","В бокале потолочь лайм и сахар.сироп. Добавить мяту и колотый лёд, налить Ром и долить сверху Бонакву газированную. Размешать. Украсить долькой лайма на лёд.",Классика Свежий Ром,IMG_7469.jpeg(https://pbt.storage.yandexcloud.net/nc/uploads/noco/p7e1e84wasa5nlq/mqo5ga1nk6h8lv8/c5h5liohk8szroq/IMG_7469_b78Ku.jpeg?X-Amz-Algorithm=AWS4-HMAC-SHA256&X-Amz-Content-Sha256=UNSIGNED-PAYLOAD&X-Amz-Credential=NxjF5S1zfggO3fDBLWFg%2F20260903%2Fru-central1-d%2Fs3%2Faws4_request&X-Amz-Date=20260903T115612Z&X-Amz-Expires=7428&X-Amz-Signature=65ab04cedb9b2b739d9190872a97db9a0b166d0ae5bf6f3cef5e66723b087573&X-Amz-SignedHeaders=host&response-content-disposition=inline%3B%20filename%3D%22IMG_7469.jpeg%22&response-content-type=image%2Fjpeg&x-amz-checksum-mode=ENABLED&x-id=GetObject),https://pbt.storage.yandexcloud.net/nc/uploads/noco/p7e1e84wasa5nlq/mqo5ga1nk6h8lv8/c5h5liohk8szroq/IMG_7469_b78Ku.jpeg
,Негрони,Коктейль,"Вермут ""Мартини Россо"" 30 мл
Ликер ""Кампари"" 30 мл
Джин ""Барристер"" 30 мл
Апельсин (украшение) 1 долька",Все ингредиенты наливаем в СМЕСИТЕЛЬНЫЙ СТАКАН. Добавляем лёд на 1/3. Хорошо стируем 10-15 сек. Переливаем в бокал на 1/2 наполненый льдом. Украшаем долькой апельсина в бокал.,Исторический Классика,,
,Радлер Вишневый,Радлеры,"Пиво ""Хеллес"" 150 мл
Сок ""Вишня"" 100 мл
Сироп ""Вишня"" 20 мл",В бокал налить Сироп и Сок Вишни. Сверху долить пивом.,Пивной_Коктейль ягодный сладкий,IMG_7454(4).jpeg(https://pbt.storage.yandexcloud.net/nc/uploads/noco/p7e1e84wasa5nlq/mqo5ga1nk6h8lv8/c5h5liohk8szroq/IMG_7454_eXexL.jpeg?X-Amz-Algorithm=AWS4-HMAC-SHA256&X-Amz-Content-Sha256=UNSIGNED-PAYLOAD&X-Amz-Credential=NxjF5S1zfggO3fDBLWFg%2F20260903%2Fru-central1-d%2Fs3%2Faws4_request&X-Amz-Date=20260903T115612Z&X-Amz-Expires=7428&X-Amz-Signature=d6e5d28e2bb8911b3e144e59491489159da7a8b1ab225c8ae4df939092d5715a&X-Amz-SignedHeaders=host&response-content-disposition=inline%3B%20filename%3D%22IMG_7454%284%29.jpeg%22&response-content-type=image%2Fjpeg&x-amz-checksum-mode=ENABLED&x-id=GetObject),https://pbt.storage.yandexcloud.net/nc/uploads/noco/p7e1e84wasa5nlq/mqo5ga1nk6h8lv8/c5h5liohk8szroq/IMG_7454_eXexL.jpeg
,Радлер Классический,Радлеры,"Пиво ""Хеллес"" 150 мл
Добрый Лимон-Лайм 100 мл
Сироп ""Бузина"" 10 мл
Сок Лимона 10 мл
Лимон (украшение) 1 долька","В бокал налить Сироп, Сок Лимона и Добрый Лимон-Лайм. Сверху долить пивом, украсить долькой лимона на каёмку бокала.",Пивной_Коктейль Спрайт Освежающий,IMG_7454.jpeg(https://pbt.storage.yandexcloud.net/nc/uploads/noco/p7e1e84wasa5nlq/mqo5ga1nk6h8lv8/c5h5liohk8szroq/IMG_7454_ETCjD.jpeg?X-Amz-Algorithm=AWS4-HMAC-SHA256&X-Amz-Content-Sha256=UNSIGNED-PAYLOAD&X-Amz-Credential=NxjF5S1zfggO3fDBLWFg%2F20260903%2Fru-central1-d%2Fs3%2Faws4_request&X-Amz-Date=20260903T115612Z&X-Amz-Expires=7428&X-Amz-Signature=e43a20df59d57914cdc5be73446c2018f02f2036fe71f03b6346053e1f61fb0b&X-Amz-SignedHeaders=host&response-content-disposition=inline%3B%20filename%3D%22IMG_7454.jpeg%22&response-content-type=image%2Fjpeg&x-amz-checksum-mode=ENABLED&x-id=GetObject),https://pbt.storage.yandexcloud.net/nc/uploads/noco/p7e1e84wasa5nlq/mqo5ga1nk6h8lv8/c5h5liohk8szroq/IMG_7454_eXexL.jpeg
,Радлер Санрайз,Радлеры,"Пиво ""Хеллес"" 150 мл
Фреш Апельсина 100 мл
Сироп ""Гренадин"" 15 мл
Апельсин (украшение) 1 долька",В бокал налить Фреш Апельсина. Долить пивом и сверху долить сироп (чтобы образовался красный слой на дне бокала). Украсить долькой Апельсина на каёмку бокала.,Пивной_коктейль Цитрусовый,IMG_7454.jpeg(https://pbt.storage.yandexcloud.net/nc/uploads/noco/p7e1e84wasa5nlq/mqo5ga1nk6h8lv8/c5h5liohk8szroq/IMG_7454_N4zey.jpeg?X-Amz-Algorithm=AWS4-HMAC-SHA256&X-Amz-Content-Sha256=UNSIGNED-PAYLOAD&X-Amz-Credential=NxjF5S1zfggO3fDBLWFg%2F20260903%2Fru-central1-d%2Fs3%2Faws4_request&X-Amz-Date=20260903T115612Z&X-Amz-Expires=7428&X-Amz-Signature=743122925ce56c55fff0de132d4a563becc48e8985eab92b307a3976192f4c30&X-Amz-SignedHeaders=host&response-content-disposition=inline%3B%20filename%3D%22IMG_7454.jpeg%22&response-content-type=image%2Fjpeg&x-amz-checksum-mode=ENABLED&x-id=GetObject),https://pbt.storage.yandexcloud.net/nc/uploads/noco/p7e1e84wasa5nlq/mqo5ga1nk6h8lv8/c5h5liohk8szroq/IMG_7454_eXexL.jpeg
,Джин Бэзил,Коктейль,"Джин Барристер 60 мл.
Сироп Монин ""Базилик"" 20 мл.
Сок Лимона 20 мл.
Базилик свеж. (украшение) 4 гр.","Бокал РОКС наполнить льдом. В шейкер добавить лёд, ДЖИН, СИРОП и СОК ЛИМОНА. Шейкуем и с помощью сито и стрейнера переливаем в РОКС со льдом. Украсить 1-2 листочками Базилика на лёд.",Сливочный Травянистый Джин,IMG_7415.jpeg(https://pbt.storage.yandexcloud.net/nc/uploads/noco/p7e1e84wasa5nlq/mqo5ga1nk6h8lv8/c5h5liohk8szroq/IMG_7415_YQwRn.jpeg?X-Amz-Algorithm=AWS4-HMAC-SHA256&X-Amz-Content-Sha256=UNSIGNED-PAYLOAD&X-Amz-Credential=NxjF5S1zfggO3fDBLWFg%2F20260903%2Fru-central1-d%2Fs3%2Faws4_request&X-Amz-Date=20260903T115612Z&X-Amz-Expires=7428&X-Amz-Signature=15c13273fa948e3090ab23f98412e2d55475bc6d636698b9a6f87011c6f21da1&X-Amz-SignedHeaders=host&response-content-disposition=inline%3B%20filename%3D%22IMG_7415.jpeg%22&response-content-type=image%2Fjpeg&x-amz-checksum-mode=ENABLED&x-id=GetObject),https://pbt.storage.yandexcloud.net/nc/uploads/noco/p7e1e84wasa5nlq/mqo5ga1nk6h8lv8/c5h5liohk8szroq/IMG_7415_YQwRn.jpeg
,Зелёный Гимлет,Коктейль,"Кордиал ""Кинза-Халапеньо"" п/ф 40 мл.
Джин Барристер 40 мл.
Кинза свеж. (украшение) 1 гр.","В смесительный стакан добавить лёд. Налить КОРДИАЛ и ДЖИН. Стируем 10 сек., перелить с помощью стрейнера в охлаждённую коктейльную рюмку. Украсить листкиком кинзы положив его на коктейль.",Авторский Травянистый Сауэр,,
,"Лимонад ""Ромашка-Бузина""",Лимонад,"Кордиал ""Ромашка"" п/ф 30 мл.
Сироп Монин ""Бузина"" 20 мл.
Бонаква газ. 200 мл.
Сухоцвет (украшение) 2 шт.",В бокал со льдом добавить все ингредиенты и перемешать. Украсить сухоцветом.,Авторский Цветочный,,
,Бамбл,Лимонад,"Сок IL Primo ""Апельсин"" 200 мл.
Сироп Монин ""Карамель"" 20 мл.
Эспрессо 20 мл.","В бокал налить СИРОП, засыпать льдом, налить СОК. Поверх аккуратно поверх залить ЭСПРЕССО (слоем).",Классика Кофе Карамель Апельсин,IMG_7449.jpeg(https://pbt.storage.yandexcloud.net/nc/uploads/noco/p7e1e84wasa5nlq/mqo5ga1nk6h8lv8/c5h5liohk8szroq/IMG_7449_5ne4d.jpeg?X-Amz-Algorithm=AWS4-HMAC-SHA256&X-Amz-Content-Sha256=UNSIGNED-PAYLOAD&X-Amz-Credential=NxjF5S1zfggO3fDBLWFg%2F20260903%2Fru-central1-d%2Fs3%2Faws4_request&X-Amz-Date=20260903T115612Z&X-Amz-Expires=7428&X-Amz-Signature=2acc1ecea1f545efc2afe6415008b5e27f0d3ad6f18cbb73c405d84759f58af1&X-Amz-SignedHeaders=host&response-content-disposition=inline%3B%20filename%3D%22IMG_7449.jpeg%22&response-content-type=image%2Fjpeg&x-amz-checksum-mode=ENABLED&x-id=GetObject),https://pbt.storage.yandexcloud.net/nc/uploads/noco/p7e1e84wasa5nlq/mqo5ga1nk6h8lv8/c5h5liohk8szroq/IMG_7449_5ne4d.jpeg
,Жасминовый Айс Ти,Лимонад,"Холодный чай ""Жасмин"" п/ф 80 мл.
Сироп ""Лемонграсс"" 30 мл.
Сок лайма/лимона 20 мл.
Бон Аква 100 мл.
Лёд 190 гр.
Мята (украшение) 1 гр.
Лимонная пудра (украшение) 0,5 гр.","Все ингредиенты добавить в БЛЕНДЕР и запустить его. После, перелить (с ""лёгким сугробом"" сверху) в бокал. Поверх льда посыпать ЛИМОННОЙ ПУДРОЙ и вставить веточку мяты.",Смузи Фраппе Летний Чай,IMG_7448.jpeg(https://pbt.storage.yandexcloud.net/nc/uploads/noco/p7e1e84wasa5nlq/mqo5ga1nk6h8lv8/c5h5liohk8szroq/IMG_7448_fPMZI.jpeg?X-Amz-Algorithm=AWS4-HMAC-SHA256&X-Amz-Content-Sha256=UNSIGNED-PAYLOAD&X-Amz-Credential=NxjF5S1zfggO3fDBLWFg%2F20260903%2Fru-central1-d%2Fs3%2Faws4_request&X-Amz-Date=20260903T115612Z&X-Amz-Expires=7428&X-Amz-Signature=37355678c3b9c164a711cc24e68bfb31760d37450a949763eb5cf5615d3f0302&X-Amz-SignedHeaders=host&response-content-disposition=inline%3B%20filename%3D%22IMG_7448.jpeg%22&response-content-type=image%2Fjpeg&x-amz-checksum-mode=ENABLED&x-id=GetObject),https://pbt.storage.yandexcloud.net/nc/uploads/noco/p7e1e84wasa5nlq/mqo5ga1nk6h8lv8/c5h5liohk8szroq/IMG_7448_fPMZI.jpeg
,Космо,Коктейль,"Водка ""Тундра Нордик"" 30 мл.
Кордиал ""Клюква"" п/ф 50 мл.
Фруко Шульц Трипл-сек 15 мл.
Клюква с/м 2-3 ягоды",Охладить бокал. Смешать все ингредиенты в шейкере. Перелить в бокал с помощью стрейнера и сито. Украсить 2-3 ягодами клюквы на шпажке (предварительно немного разморозить).,Авторский Твист Космополитан,IMG_7447.jpeg(https://pbt.storage.yandexcloud.net/nc/uploads/noco/p7e1e84wasa5nlq/mqo5ga1nk6h8lv8/c5h5liohk8szroq/IMG_7447_OKkHk.jpeg?X-Amz-Algorithm=AWS4-HMAC-SHA256&X-Amz-Content-Sha256=UNSIGNED-PAYLOAD&X-Amz-Credential=NxjF5S1zfggO3fDBLWFg%2F20260903%2Fru-central1-d%2Fs3%2Faws4_request&X-Amz-Date=20260903T115612Z&X-Amz-Expires=7428&X-Amz-Signature=508ce3f4faa20c6544e603ddc6da25efd1ba795141dc7e293cb237cf1f3f8e45&X-Amz-SignedHeaders=host&response-content-disposition=inline%3B%20filename%3D%22IMG_7447.jpeg%22&response-content-type=image%2Fjpeg&x-amz-checksum-mode=ENABLED&x-id=GetObject),https://pbt.storage.yandexcloud.net/nc/uploads/noco/p7e1e84wasa5nlq/mqo5ga1nk6h8lv8/c5h5liohk8szroq/IMG_7447_OKkHk.jpeg
,"Лимонад ""Имбирь-Лайм""",Лимонад,"Кордиал ""Имбирь-Лайм"" п/ф 60 мл.
Бонаква долить
Лайм 10 гр.",Смешать все ингредиенты в бокале со льдом. Перемешать и украсить 2 слайсами лайма.,Летний Свежий Терпко-Сладкий,IMG_7445.jpeg(https://pbt.storage.yandexcloud.net/nc/uploads/noco/p7e1e84wasa5nlq/mqo5ga1nk6h8lv8/c5h5liohk8szroq/IMG_7445_quSp2.jpeg?X-Amz-Algorithm=AWS4-HMAC-SHA256&X-Amz-Content-Sha256=UNSIGNED-PAYLOAD&X-Amz-Credential=NxjF5S1zfggO3fDBLWFg%2F20260903%2Fru-central1-d%2Fs3%2Faws4_request&X-Amz-Date=20260903T115612Z&X-Amz-Expires=7428&X-Amz-Signature=174d061d13faff00c0cb06eb3fd7b33aca1fb2b50837afb896c6265157ad1bfa&X-Amz-SignedHeaders=host&response-content-disposition=inline%3B%20filename%3D%22IMG_7445.jpeg%22&response-content-type=image%2Fjpeg&x-amz-checksum-mode=ENABLED&x-id=GetObject),https://pbt.storage.yandexcloud.net/nc/uploads/noco/p7e1e84wasa5nlq/mqo5ga1nk6h8lv8/c5h5liohk8szroq/IMG_7445_quSp2.jpeg
,"Лимонад ""Рябиновый Улун""",Лимонад,"Сироп ""Рябина"" п/ф 40 мл.
Холодный чай ""Улун"" п/ф 50 мл.
Бонаква долить
Тимьян свеж. (украшение) 3 гр.","Бокал наполнить льдом. Поверх добавить все ингредиенты, перемешать и украсить веточкой тимьяна.",Авторский Dr.Pepper Мягкий Нежный,IMG_7446.jpeg(https://pbt.storage.yandexcloud.net/nc/uploads/noco/p7e1e84wasa5nlq/mqo5ga1nk6h8lv8/c5h5liohk8szroq/IMG_7446_hkjii.jpeg?X-Amz-Algorithm=AWS4-HMAC-SHA256&X-Amz-Content-Sha256=UNSIGNED-PAYLOAD&X-Amz-Credential=NxjF5S1zfggO3fDBLWFg%2F20260903%2Fru-central1-d%2Fs3%2Faws4_request&X-Amz-Date=20260903T115612Z&X-Amz-Expires=7428&X-Amz-Signature=494115683d182e2fbcf4f25ad40852dad32e11e947f83b817f05455a2afe5d8f&X-Amz-SignedHeaders=host&response-content-disposition=inline%3B%20filename%3D%22IMG_7446.jpeg%22&response-content-type=image%2Fjpeg&x-amz-checksum-mode=ENABLED&x-id=GetObject),https://pbt.storage.yandexcloud.net/nc/uploads/noco/p7e1e84wasa5nlq/mqo5ga1nk6h8lv8/c5h5liohk8szroq/IMG_7446_hkjii.jpeg
,Эспрессо - Тоник,Лимонад,"Эспрессо 30 мл.
Тоник 150 мл.
Сироп ""Лемонграсс"" 15 мл.
Лимон (украшение) 20 гр.","Бокал засыпать КОЛОТЫМ льдом, потом по очереди налить: СИРОП, ТОНИК (оставляя отступ от края ~0,5 см.), положить ДОЛЬКУ ЛИМОНА внутрь. Сверху тонкой струйкой влить Эспрессо.",Авторский Классика,IMG_7450.jpeg(https://pbt.storage.yandexcloud.net/nc/uploads/noco/p7e1e84wasa5nlq/mqo5ga1nk6h8lv8/c5h5liohk8szroq/IMG_7450_UgvGq.jpeg?X-Amz-Algorithm=AWS4-HMAC-SHA256&X-Amz-Content-Sha256=UNSIGNED-PAYLOAD&X-Amz-Credential=NxjF5S1zfggO3fDBLWFg%2F20260903%2Fru-central1-d%2Fs3%2Faws4_request&X-Amz-Date=20260903T115612Z&X-Amz-Expires=7428&X-Amz-Signature=9cc1f4a99394139e9b2a891a3be6955a8ecd373ffd70a073de477e1ec9eedaa2&X-Amz-SignedHeaders=host&response-content-disposition=inline%3B%20filename%3D%22IMG_7450.jpeg%22&response-content-type=image%2Fjpeg&x-amz-checksum-mode=ENABLED&x-id=GetObject),https://pbt.storage.yandexcloud.net/nc/uploads/noco/p7e1e84wasa5nlq/mqo5ga1nk6h8lv8/c5h5liohk8szroq/IMG_7450_UgvGq.jpeg
,"Настойка ""Рябина-Лайм""",Настойка,"Водка ""Русский стандарт"" 1 л.
Черноплодная рябина с/м 700 гр.
Лайм 200 гр.
Сахар-песок 260 гр.","Рябину предварительно разморозить при комнатной температуре. С Лайма снять цедру и выдавить сок. Все ингредиенты забросить в пищевую тару для настоек, плотно закрыть крышку и убрать в посудомойку на 2,5-3 часа. Периодически запуская её для поддержания температуры. После, фильтруем с помощью кухонного сито (конусообразное) и слегка из ягод выдавливаем сок. Фильтруем ещё раз через мелкое барное сито и переливаем в пищевую тару. Убрать в холодильник на 4-5 часов!",Сибирская Кисло-сладкая,IMG_7453.jpeg(https://pbt.storage.yandexcloud.net/nc/uploads/noco/p7e1e84wasa5nlq/mqo5ga1nk6h8lv8/c5h5liohk8szroq/IMG_7453_HjMzQ.jpeg?X-Amz-Algorithm=AWS4-HMAC-SHA256&X-Amz-Content-Sha256=UNSIGNED-PAYLOAD&X-Amz-Credential=NxjF5S1zfggO3fDBLWFg%2F20260903%2Fru-central1-d%2Fs3%2Faws4_request&X-Amz-Date=20260903T115612Z&X-Amz-Expires=7428&X-Amz-Signature=8a4046a52b64ad455c5dbc5376f4ddf7c2dcf18935fb341e6609188c6b4a40a9&X-Amz-SignedHeaders=host&response-content-disposition=inline%3B%20filename%3D%22IMG_7453.jpeg%22&response-content-type=image%2Fjpeg&x-amz-checksum-mode=ENABLED&x-id=GetObject),https://pbt.storage.yandexcloud.net/nc/uploads/noco/p7e1e84wasa5nlq/mqo5ga1nk6h8lv8/c5h5liohk8szroq/IMG_7453_HjMzQ.jpeg
,"Настойка ""Хреновуха""",Настойка,"Водка ""Русский стандарт"" 1 л.
Корень Хрена 150 гр.
Вода фильтр. 200 мл.
Мёд 170 гр.
Лимон 320 гр.
Перец горошек ~30 зёрен
Розмарин свеж. 8 гр.
Мускат орех (специя) 2 щепотки","Корень Хрена промыть, почистить и мелко порезать. С Лимона снять цедру и выдавить сок. Все ингредиенты забросить в пищевую тару для настоек, плотно закрыть крышку и убрать в посудомойку на 2 часа. Периодически запуская её для поддержания температуры. После, отфильтровать через мелкое сито 2 раза и перелить в пищевую тару. Убрать в холодильник на 4-5 часов!",Медовая Хрен Питкая,IMG_7453.jpeg(https://pbt.storage.yandexcloud.net/nc/uploads/noco/p7e1e84wasa5nlq/mqo5ga1nk6h8lv8/c5h5liohk8szroq/IMG_7453_ph1SX.jpeg?X-Amz-Algorithm=AWS4-HMAC-SHA256&X-Amz-Content-Sha256=UNSIGNED-PAYLOAD&X-Amz-Credential=NxjF5S1zfggO3fDBLWFg%2F20260903%2Fru-central1-d%2Fs3%2Faws4_request&X-Amz-Date=20260903T115612Z&X-Amz-Expires=7428&X-Amz-Signature=031c1b24218f81c2ad3ecde9b92b50a14e39c5be24f9eabf2174f32af734338f&X-Amz-SignedHeaders=host&response-content-disposition=inline%3B%20filename%3D%22IMG_7453.jpeg%22&response-content-type=image%2Fjpeg&x-amz-checksum-mode=ENABLED&x-id=GetObject),https://pbt.storage.yandexcloud.net/nc/uploads/noco/p7e1e84wasa5nlq/mqo5ga1nk6h8lv8/c5h5liohk8szroq/IMG_7453_HjMzQ.jpeg
,Настойка «Барбарисовка»,Настойка,"Водка ""Русский стандарт"" 1 л.
Чай ""Каркаде"" (у кухни) 55 гр.
Сироп ""Барбарис"" п/ф 1,2 л.","Водку с чаем ""Каркаде"" добавить в ТАРУ и убрать в посудомойку на 2-3 часа. Отфильтровать с помощью сито. Потом смешать с сиропом. Подписать ТАРУ. Убрать в холодильник.",Ностальгическая Конфеткая,IMG_7453.jpeg(https://pbt.storage.yandexcloud.net/nc/uploads/noco/p7e1e84wasa5nlq/mqo5ga1nk6h8lv8/c5h5liohk8szroq/IMG_7453_GhEog.jpeg?X-Amz-Algorithm=AWS4-HMAC-SHA256&X-Amz-Content-Sha256=UNSIGNED-PAYLOAD&X-Amz-Credential=NxjF5S1zfggO3fDBLWFg%2F20260903%2Fru-central1-d%2Fs3%2Faws4_request&X-Amz-Date=20260903T115612Z&X-Amz-Expires=7428&X-Amz-Signature=d1563a8293f94f5944514dad01e476d708ca9e1a84491ae4bb61736a714b6942&X-Amz-SignedHeaders=host&response-content-disposition=inline%3B%20filename%3D%22IMG_7453.jpeg%22&response-content-type=image%2Fjpeg&x-amz-checksum-mode=ENABLED&x-id=GetObject),https://pbt.storage.yandexcloud.net/nc/uploads/noco/p7e1e84wasa5nlq/mqo5ga1nk6h8lv8/c5h5liohk8szroq/IMG_7453_HjMzQ.jpeg
,Настойка «Лимончелло»,Настойка,"Водка ""Русский стандарт"" 1 л.
Лимон 800 гр.
Сок Лимона Выдавить из этих Лимонов
Сахар-песок 250 гр.","Снять цедру с лимонов (без альбедо) и закинуть вместе с водкой в ТАРУ. ТАРУ убрать в посудомойку на 2-3 часа. Сделать фреш из лимонов* *оставшиеся без цедры Далее на индукционной плитке, в кастрюле, проварить фреш с сахаром, пока он не растворится. Процедить сироп через сито. ТАРУ с водкой процедить от цедры и смешать с полученным сиропом. Подписать ТАРУ. Убрать в холодильник.",Авторская Лимонная,IMG_7453.jpeg(https://pbt.storage.yandexcloud.net/nc/uploads/noco/p7e1e84wasa5nlq/mqo5ga1nk6h8lv8/c5h5liohk8szroq/IMG_7453_brI2V.jpeg?X-Amz-Algorithm=AWS4-HMAC-SHA256&X-Amz-Content-Sha256=UNSIGNED-PAYLOAD&X-Amz-Credential=NxjF5S1zfggO3fDBLWFg%2F20260903%2Fru-central1-d%2Fs3%2Faws4_request&X-Amz-Date=20260903T115612Z&X-Amz-Expires=7428&X-Amz-Signature=818e653fd7be371eea1fde5900bba6a8bf48f0382f262575ee57766bafedcde5&X-Amz-SignedHeaders=host&response-content-disposition=inline%3B%20filename%3D%22IMG_7453.jpeg%22&response-content-type=image%2Fjpeg&x-amz-checksum-mode=ENABLED&x-id=GetObject),https://pbt.storage.yandexcloud.net/nc/uploads/noco/p7e1e84wasa5nlq/mqo5ga1nk6h8lv8/c5h5liohk8szroq/IMG_7453_HjMzQ.jpeg
,Настойка «Перцовая»,Настойка,"Водка ""Русский стандарт""  1 л.
Перец Болгарский 80 гр.
Перец Чили 40 гр.
Перец Горошек ~15 гр.
Сахарный Сироп 150 мл.","Перцы очистить от семян, промыть и нарезать кусочками. Водку и перцы добавить в ТАРУ и убрать в посудомойку на 2-3 часа. После процедить через сито и добавить сахарный сироп. Подписать ТАРУ. Убрать в холодильник. Убрать в холодильник.",Перцовая Nemiroff,IMG_7453.jpeg(https://pbt.storage.yandexcloud.net/nc/uploads/noco/p7e1e84wasa5nlq/mqo5ga1nk6h8lv8/c5h5liohk8szroq/IMG_7453_UvAMh.jpeg?X-Amz-Algorithm=AWS4-HMAC-SHA256&X-Amz-Content-Sha256=UNSIGNED-PAYLOAD&X-Amz-Credential=NxjF5S1zfggO3fDBLWFg%2F20260903%2Fru-central1-d%2Fs3%2Faws4_request&X-Amz-Date=20260903T115612Z&X-Amz-Expires=7428&X-Amz-Signature=b91a6d2da0fb48170be2ebc8077ba5516bf0bd5ddeafd2b9230a314cf28cd7f9&X-Amz-SignedHeaders=host&response-content-disposition=inline%3B%20filename%3D%22IMG_7453.jpeg%22&response-content-type=image%2Fjpeg&x-amz-checksum-mode=ENABLED&x-id=GetObject),https://pbt.storage.yandexcloud.net/nc/uploads/noco/p7e1e84wasa5nlq/mqo5ga1nk6h8lv8/c5h5liohk8szroq/IMG_7453_HjMzQ.jpeg
,"Сироп ""Барбарис"" ",Настойка,"Конфеты ""Барбарис"" 500 гр.
Вода фильтр. 1 л.","На индукционной плитке в кастрюле растворить конфеты, постоянно помешивая. Отфильтровать с помощью сито.",Заготовка Барбарисовка,барбарис.png(https://pbt.storage.yandexcloud.net/nc/uploads/noco/p7e1e84wasa5nlq/mqo5ga1nk6h8lv8/c5h5liohk8szroq/%D0%B1%D0%B0%D1%80%D0%B1%D0%B0%D1%80%D0%B8%D1%81_dETxW.png?X-Amz-Algorithm=AWS4-HMAC-SHA256&X-Amz-Content-Sha256=UNSIGNED-PAYLOAD&X-Amz-Credential=NxjF5S1zfggO3fDBLWFg%2F20260903%2Fru-central1-d%2Fs3%2Faws4_request&X-Amz-Date=20260903T115612Z&X-Amz-Expires=7428&X-Amz-Signature=cb58a896b6984c414808dc82845c670ad8057b1d2fd99981ff34c1e4f9b92eda&X-Amz-SignedHeaders=host&response-content-disposition=inline%3B%20filename%3D%22%3F%3F%3F%3F%3F%3F%3F%3F.png%22%3B%20filename%2A%3DUTF-8%27%27%25D0%25B1%25D0%25B0%25D1%2580%25D0%25B1%25D0%25B0%25D1%2580%25D0%25B8%25D1%2581.png&response-content-type=image%2Fpng&x-amz-checksum-mode=ENABLED&x-id=GetObject),https://pbt.storage.yandexcloud.net/nc/uploads/noco/p7e1e84wasa5nlq/mqo5ga1nk6h8lv8/c5h5liohk8szroq/%D0%B1%D0%B0%D1%80%D0%B1%D0%B0%D1%80%D0%B8%D1%81_dETxW.png
,BB Лимонад Яблоко-Саган,Лимонад,"Сироп ""CLAVIS"" Яблоко - Саган 50 мл
Бонаква 200 мл
Яблоко (украшение) 2 дольки","Бокал наполнить льдом. Налить сироп, долить Бонаквой, перемешать. Украсить 2 дольками яблока, веером, в бокал.",Мягкий Сливочный Яблочный,IMG_7467.jpeg(https://pbt.storage.yandexcloud.net/nc/uploads/noco/p7e1e84wasa5nlq/mqo5ga1nk6h8lv8/c5h5liohk8szroq/IMG_7467_uRNJp.jpeg?X-Amz-Algorithm=AWS4-HMAC-SHA256&X-Amz-Content-Sha256=UNSIGNED-PAYLOAD&X-Amz-Credential=NxjF5S1zfggO3fDBLWFg%2F20260903%2Fru-central1-d%2Fs3%2Faws4_request&X-Amz-Date=20260903T115612Z&X-Amz-Expires=7428&X-Amz-Signature=0b1f6cb6b5a88044e7fe4f4225c8bb80c30f6f00bba1d01bd332f94e29fad9d3&X-Amz-SignedHeaders=host&response-content-disposition=inline%3B%20filename%3D%22IMG_7467.jpeg%22&response-content-type=image%2Fjpeg&x-amz-checksum-mode=ENABLED&x-id=GetObject),https://pbt.storage.yandexcloud.net/nc/uploads/noco/p7e1e84wasa5nlq/mqo5ga1nk6h8lv8/c5h5liohk8szroq/IMG_7467_uRNJp.jpeg
,"Супер Джус Лайм ",Заготовка,"Расчёт по формулам.
Цедра лайма (без альбедо) - вес в граммах
Лимонная кислота (гр.) = ВЕС ЦЕДРЫ * 0,44
Яблочная кислота (гр.) = ВЕС ЦЕДРЫ * 0,08
Вода (мл.) = ВЕС ЦЕДРЫ * 10
Сок Лайма = выдавливаем из лаймов с которых сняли цедру","Снять цедру с лаймов, высчитать по формулам лимонную и яблочную кислоты.
В вакуумный пакет закинуть цедру, лимонную и яблочные кислоты.
Запаять пакет на режиме ""1"".
Убрать пакет на кофемашину на 30 мин.
После, смешать в блендере смесь из пакета, воду (посчитанную по формуле) и сок лаймов.
Хорошо пробить, чтобы цедра измельчилась. Отфильтровать мелким сито.",суперджус суперсок,лайм.png(https://pbt.storage.yandexcloud.net/nc/uploads/noco/p7e1e84wasa5nlq/mqo5ga1nk6h8lv8/c5h5liohk8szroq/%D0%BB%D0%B0%D0%B9%D0%BC_2t-PQ.png?X-Amz-Algorithm=AWS4-HMAC-SHA256&X-Amz-Content-Sha256=UNSIGNED-PAYLOAD&X-Amz-Credential=NxjF5S1zfggO3fDBLWFg%2F20260903%2Fru-central1-d%2Fs3%2Faws4_request&X-Amz-Date=20260903T115612Z&X-Amz-Expires=7428&X-Amz-Signature=5ca089abcc8735739cf01af7a0711379143d377aa287f61722dc77dc3ca6f281&X-Amz-SignedHeaders=host&response-content-disposition=inline%3B%20filename%3D%22%3F%3F%3F%3F.png%22%3B%20filename%2A%3DUTF-8%27%27%25D0%25BB%25D0%25B0%25D0%25B9%25D0%25BC.png&response-content-type=image%2Fpng&x-amz-checksum-mode=ENABLED&x-id=GetObject),https://pbt.storage.yandexcloud.net/nc/uploads/noco/p7e1e84wasa5nlq/mqo5ga1nk6h8lv8/c5h5liohk8szroq/%D0%BB%D0%B0%D0%B9%D0%BC_2t-PQ.png