Название,Описание,Граммовка,Фотка,Фото-ссылка,Состав,Теги
Брецель с солью,"Баварский крендель с солью — одна из традиционных закусок к пиву на народных гуляньях. В состав брецелей, как правило, входят: пшеничная мука, солод, дрожжи и вода. Перед выпечкой брецели погружают на несколько секунд в раствор соды, благодаря чему они приобретают при выпечке типичный коричневый цвет, а потом посыпают крупной солью.",80 гр.,,,,Брецель солью
Брецель с солью с сырным соусом и пепперони,"Классический баварский крендель с солью, подается с сырным соусом и колбасками пепперони.",80/40 гр.,IMG_7455_39qi8.jpeg(https://pbt.storage.yandexcloud.net/nc/uploads/noco/p7e1e84wasa5nlq/mc7m3sa4m2x12dd/cosbqm0dqhlqtzh/IMG_7455_39qi8_pgJ6h.jpeg?X-Amz-Algorithm=AWS4-HMAC-SHA256&X-Amz-Content-Sha256=UNSIGNED-PAYLOAD&X-Amz-Credential=NxjF5S1zfggO3fDBLWFg%2F20260903%2Fru-central1-d%2Fs3%2Faws4_request&X-Amz-Date=20260903T115323Z&X-Amz-Expires=7597&X-Amz-Signature=831e561eb600f02b56a5940b331b118b2094a510e02d5ce4eaca5f57ffb270db&X-Amz-SignedHeaders=host&response-content-disposition=inline%3B%20filename%3D%22IMG_7455_39qi8.jpeg%22&response-content-type=image%2Fjpeg&x-amz-checksum-mode=ENABLED&x-id=GetObject),https://pbt.storage.yandexcloud.net/nc/uploads/noco/p7e1e84wasa5nlq/mw3nimsc8lqrdn9/cvn1fy441f3tg8j/IMG_7455_39qi8.jpeg,,Брецель солью сырным соусом пепперони пеперони
Домашние чипсы,"Хрустящие ржано-пшеничные чипсы из лаваша, приготовленные во фритюре со специями.",40 гр.,,,,домашние чипсы
Рулетики из баклажанов с сыром фета,"5 рулетиков из баклажанов с начинкой из творожного сыра со сметаной, чеснока, грецкого ореха, на подушке из соуса ""Сальса"", с кинзой.",150 гр.,,,,Рулетики баклажанов баклажан сыром сыр фета
Тарелка к водке,"Сало соленое, сало крученое, форшмак из сельди, печеночный паштет, квашеная капуста, маринованный огурец, тосты бородинские. Подаётся с горчицей и зеленью.

 <br>

  <br>

 Форшмак — закуска из рубленой сельди с яблоками, луком, яйцом, горчицей, лимонным соком.",330 гр.,,,,Тарелка водке водка
Ассорти рыб к пиву,"Щука х/к, тюлька вяленая, мойва х/к, филе кеты и окуня, а также картофель пай.",180 гр.,IMG_7457_pxL3G.jpeg(https://pbt.storage.yandexcloud.net/nc/uploads/noco/p7e1e84wasa5nlq/mc7m3sa4m2x12dd/cosbqm0dqhlqtzh/IMG_7457_pxL3G_ijZ1L.jpeg?X-Amz-Algorithm=AWS4-HMAC-SHA256&X-Amz-Content-Sha256=UNSIGNED-PAYLOAD&X-Amz-Credential=NxjF5S1zfggO3fDBLWFg%2F20260903%2Fru-central1-d%2Fs3%2Faws4_request&X-Amz-Date=20260903T115323Z&X-Amz-Expires=7597&X-Amz-Signature=fecbcaaf7b464ed2daeaba423b812a491bf275e33f44bd664698bdb39e817b65&X-Amz-SignedHeaders=host&response-content-disposition=inline%3B%20filename%3D%22IMG_7457_pxL3G.jpeg%22&response-content-type=image%2Fjpeg&x-amz-checksum-mode=ENABLED&x-id=GetObject),https://pbt.storage.yandexcloud.net/nc/uploads/noco/p7e1e84wasa5nlq/mw3nimsc8lqrdn9/cvn1fy441f3tg8j/IMG_7457_pxL3G.jpeg,,ассорти рыб пиву рыба пиво асорти
Ассорти рыбное,"Филе кеты, лосось слабой соли, тунец, сельдь с зеленью, долькой лимона и маслинами.",200 гр.,,,,ассорти асорти рыбное рыба
Свежие овощи с домашней аджикой,"Болгарский перец, морковь, сельдерей, томаты черри, редис, огурец, зелень и острая аджика.",270/30 гр.,,,,свежие овощи аджикой аджика домашней
Пивной хворост,"Хрустящие чипсы, приготовленные во фритюре из пивного кляра.",50 гр.,,,,пивной хворост чипсы
Ржаные чипсы,"Хрустящие тонкие слайсы из ржано-пшеничного хлеба с чесноком и солью, приготовленные во фритюре.",50 гр.,,,,ржаные чипсы
Холодная рулька с хреном и аджикой,"Рулет из свиной рульки с красным луком, сливочным хреном, аджикой и зеленью.",100/25 гр.,,,,холодная рулька хреном хрен аджикой аджика
Карпаччо из мраморной говядины,"Тонко нарезанные ломтики сырой говяжьей вырезки с бальзамиком и горчичным соусами, каперсами и красным луком. Декорируется рукколой.",110 гр.,,,,карпаччо карпачо мраморной мраморный говядины говядина
Мясная тарелка домашних деликатесов,"Пастрами из говядины, буженина, вяленый свиной окорок, копченое куриное филе, рулет из рульки, маринованный дайкон (редька). Соус огуречно-горчичный и маринованный огурец.

 <br>

 **Пастрами** — это знаменитый мясной деликатес из сочного маринованного, копченого и затем вареного или запеченного мяса.",200/70/40 гр.,,,,мясная тарелка домашних  деликатесов
Ассорти сибирских сыров,"Моцарелла, чеддер, голландский сыр, пармезан и дор блю. Декорируется грецким орехом, подается с чипсами из лаваша и медом.",210 гр.,,,,ассорти асорти сибирских сыров сыр
Форшмак из сельди на бородинском хлебе,"Закуска из рубленой сельди с яблоками, луком, яйцом, горчицей, лимонным соком. Подается на тостах из бородинского хлеба, украшается перепелиным яйцом с имитацией черной икры и картофелем пай.",120 гр.,,,,форшмак сельди сельдь бородинском хлебе хлеб
Ростбиф с хрустящими чипсами,"Запеченная говядина, маринованная в оливковом масле и соевом соусе со специями (лук, кориандр). Подается с ржаными чесночными чипсами, маринованными огурцами и зеленью.",115/25 гр.,,,,ростбиф росбиф хрустящими хрустящий чипсами чипсом чипсам
Закуска из вяленой оленины с ржаными чесночными гренками,Домашняя вяленая оленина с ржаными чесночными гренками.,40/50 гр.,IMG_7459_Xy42V.jpeg(https://pbt.storage.yandexcloud.net/nc/uploads/noco/p7e1e84wasa5nlq/mc7m3sa4m2x12dd/cosbqm0dqhlqtzh/IMG_7459_Xy42V_AifDs.jpeg?X-Amz-Algorithm=AWS4-HMAC-SHA256&X-Amz-Content-Sha256=UNSIGNED-PAYLOAD&X-Amz-Credential=NxjF5S1zfggO3fDBLWFg%2F20260903%2Fru-central1-d%2Fs3%2Faws4_request&X-Amz-Date=20260903T115323Z&X-Amz-Expires=7597&X-Amz-Signature=d75f9e3ae5e6f3f79613347313d6babc07899091698405a4eade6009999070fd&X-Amz-SignedHeaders=host&response-content-disposition=inline%3B%20filename%3D%22IMG_7459_Xy42V.jpeg%22&response-content-type=image%2Fjpeg&x-amz-checksum-mode=ENABLED&x-id=GetObject),https://pbt.storage.yandexcloud.net/nc/uploads/noco/p7e1e84wasa5nlq/mw3nimsc8lqrdn9/cvn1fy441f3tg8j/IMG_7459_Xy42V.jpeg,,закуска вяленой вяленной вяленая вяленная оленины оленина ржаными чесночными гренками гренки
Вяленый свиной окорок,Вяленое мясо собственного производства!,50 гр.,IMG_7459_Xy42V.jpeg(https://pbt.storage.yandexcloud.net/nc/uploads/noco/p7e1e84wasa5nlq/mc7m3sa4m2x12dd/cosbqm0dqhlqtzh/IMG_7459_Xy42V_JXQU3.jpeg?X-Amz-Algorithm=AWS4-HMAC-SHA256&X-Amz-Content-Sha256=UNSIGNED-PAYLOAD&X-Amz-Credential=NxjF5S1zfggO3fDBLWFg%2F20260903%2Fru-central1-d%2Fs3%2Faws4_request&X-Amz-Date=20260903T115323Z&X-Amz-Expires=7597&X-Amz-Signature=c7fb31f50f8d897964be42a5fa92a5dc3b70b9bcda9800f6a7f2a4e515fd32a9&X-Amz-SignedHeaders=host&response-content-disposition=inline%3B%20filename%3D%22IMG_7459_Xy42V.jpeg%22&response-content-type=image%2Fjpeg&x-amz-checksum-mode=ENABLED&x-id=GetObject),https://pbt.storage.yandexcloud.net/nc/uploads/noco/p7e1e84wasa5nlq/mw3nimsc8lqrdn9/cvn1fy441f3tg8j/IMG_7459_Xy42V.jpeg,,вяленый вяленный свиной окорок мясо вяленное вяленое
Бастурма из цыпленка,"Вяленое куриное филе в специях, собственного производства!",50 гр.,IMG_7459_Xy42V.jpeg(https://pbt.storage.yandexcloud.net/nc/uploads/noco/p7e1e84wasa5nlq/mc7m3sa4m2x12dd/cosbqm0dqhlqtzh/IMG_7459_Xy42V_uF83l.jpeg?X-Amz-Algorithm=AWS4-HMAC-SHA256&X-Amz-Content-Sha256=UNSIGNED-PAYLOAD&X-Amz-Credential=NxjF5S1zfggO3fDBLWFg%2F20260903%2Fru-central1-d%2Fs3%2Faws4_request&X-Amz-Date=20260903T115323Z&X-Amz-Expires=7597&X-Amz-Signature=ba6e47734cee9ebe1b538213ca2d906ef0447be5fc49c167115ce871ce6ef34d&X-Amz-SignedHeaders=host&response-content-disposition=inline%3B%20filename%3D%22IMG_7459_Xy42V.jpeg%22&response-content-type=image%2Fjpeg&x-amz-checksum-mode=ENABLED&x-id=GetObject),https://pbt.storage.yandexcloud.net/nc/uploads/noco/p7e1e84wasa5nlq/mw3nimsc8lqrdn9/cvn1fy441f3tg8j/IMG_7459_Xy42V.jpeg,,бастурма цыпленка цыпленок мясо вяленое вяленное
Карпаччо из скумбрии по-Мурмански,Тонко нарезанные маринованные ломтики мурманской скумбрии с маринованным красным луком и черным перцем.,100 гр.,,,,карпаччо карпачо скумбрии скумбрия мурмански по
Паштет из печени цыпленка,"Нежный паштет из печени цыпленка (печень, лук, морковь, сливки, белое вино), подается с гренками из подового хлеба.",140/35 гр.,,,,"паштет печени печень цыпленка цыплёнка "
Сельдь с картофелем и луком,"Слабосоленая сельдь с отварным картофелем и маринованным луком. Заправляется растительным маслом (специи, чеснок, винный уксус) и посыпается зеленью.",100/150 гр.,,,,сельдь селедка селёдка картофелем картофель луком лук
Фирменные закуски-намазки,"Паштет из телячьей печени, форшмак, крученое сало, сыр моцарелла с чесноком, подаются с бородинскими тостами.",140/40 гр.,IMG_7458_Iu-Lv.jpeg(https://pbt.storage.yandexcloud.net/nc/uploads/noco/p7e1e84wasa5nlq/mc7m3sa4m2x12dd/cosbqm0dqhlqtzh/IMG_7458_Iu-Lv__k1oY.jpeg?X-Amz-Algorithm=AWS4-HMAC-SHA256&X-Amz-Content-Sha256=UNSIGNED-PAYLOAD&X-Amz-Credential=NxjF5S1zfggO3fDBLWFg%2F20260903%2Fru-central1-d%2Fs3%2Faws4_request&X-Amz-Date=20260903T115323Z&X-Amz-Expires=7597&X-Amz-Signature=ed950cbbb9382487f8b1be906b7f6e08308b34f1209424b1646e5acab805fe27&X-Amz-SignedHeaders=host&response-content-disposition=inline%3B%20filename%3D%22IMG_7458_Iu-Lv.jpeg%22&response-content-type=image%2Fjpeg&x-amz-checksum-mode=ENABLED&x-id=GetObject),https://pbt.storage.yandexcloud.net/nc/uploads/noco/p7e1e84wasa5nlq/mw3nimsc8lqrdn9/cvn1fy441f3tg8j/IMG_7458_Iu-Lv.jpeg,,Фирменные закуски намазки намазка закуска фирменная
Ассорти арахиса к пиву,"Арахис в глазури трех видов: сыр, васаби и барбекю.","""90 гр.""

30 гр. - сыр

30 гр. - васаби

30 гр. - барбекю",,,,Ассорти асорти арахиса арахис пиву
Острые крылья,"Крылья в чернично-персиковой глазури. Украшеyные  кунжутом, зелёным луком и перцем чили.",150 гр.,,,,
Картофельные крокеты с беконом и соусом тар-тар,"5 шариков в панировке, обжаренные во фритюре с начинкой из картофельного пюре, бекона, лука и перца халапеньо. Подаются с соусом тар-тар.",150/40 гр.,,,,
Наггетсы из цыпленка с соусом тар-тар,Фирменные наггетсы. Подаются с соусом тар-тар.,145/40 гр.,,,,
Луковые кольца,Кольца обжаренные во фритюре. Подаются с соусом «Тар-тар».,100/40 гр.,,,,
Хрустящая мойва,"Панируется в японских сухарях с зелеными травами, обжаривается во фритюре. Подаётся в металлическом конусе с двумя видами соусов – томатный острый и сырно-сливочный с чесноком и зеленью.",180 гр.,,,,
Ассорти фирменных закусок,"Пивной хворост, наггетсы из цыпленка, острые крылья в чернично-персиковой глазури, хрустящая мойва, луковые кольца, перчики халапеньо, сыр копченый, чипсы из лаваша, картофельные крокеты, бородинские гренки и сырные палочки. Подаётся на большой деревянной доске с тремя видами соусов: томатный острый, сырно-сливочный с чесноком и зеленью и с острым соусом из мексиканского перца. Время приготовления 25–30 минут.",740 гр.,,,,
Перчики «Халапеньо»,Перчики фаршированные сыром Фета и обжаренные в панировочных сухарях во фритюре. Подаются сырно-чесночным соусом.,100 гр.,,,,
Гренки чесночные «Бородинские»,"Гренки из бородинского хлеба, натёртые чесноком. Подаются с сырно-чесночным соусом.",100 гр.,,,,
Гренки чесночные «Ржаные»,Гренки из серого хлеба с зубчиком чеснока. Подаются с сырно-чесночным соусом.,100 гр.,,,,
Сырные палочки,Обжаренные во фритюре сырные палочки из сыра Моцарелла. Подаются с сырно-чесночным соусом.,100 гр.,,,,
Острые креветки к пиву,"Креветки обжаренные в имбирно-чесночном миксе с добавлением соевого соуса и моркови. Подаётся с соусом «Барбекю» и лимоном. Украшение – перец чили, зелёный лук и кунжут.",150/40 гр.,,,,
Фламмкухен с беконом,"Блюдо эльзасской кухни. Горячая пицца на тонком тесте, промазывается сметаной, с сыром моцарелла, луком и беконом.",280 гр.,,,,
Фламмкухен с ростбифом,"Блюдо эльзасской кухни. Горячая пицца на тонком тесте, промазывается сметаной, с сыром моцарелла, маринованным ростбифом, луком порей, шампиньонами и томатами. Украшается рукколой.",240 гр.,,,,
Фламмкухен с пепперони,"Горячая пицца на тонком тесте, промазывается сметаной с добавлением соуса халапеньо, томатов, с сыром моцарелла, луком порей и салями пепперони. Украшается базиликом.",220 гр.,,,,
Фламмкухен с лососем,"Блюдо эльзасской кухни. Горячая  пицца на тонком тесте, промазывается сметаной и майонезом, запекается с сыром моцарелла и цукини. Сверху ломтики слабосоленого лосося и руккола.",240 гр.,,,,
"Мидии, запеченные с соусом спайси","Мидии фаршированные. В состав соуса входят: майонез, соус кисло-сладкий, перец халапеньо, икра летучей рыбы, сыр моцарелла.",180 гр.,,,,
Запеченные мозговые косточки,"Говяжьи мозговые косточки (2шт), запеченные под панировкой. Подаются с соусом «Сальса» и тостами из белого хлеба.",350/20 гр.,,,,
Хрустящая тюлька,"Морская мелкая рыба из семейства сельдевых, зажаренная до хрустящей корочки. Подается с соусом тар-тар и рубленным зеленым луком.",130/40 гр.,,,,
Лавачас с сыром и беконом,"Хрустящие чипсы из пшеничного лаваша, запечённые с сыром и беконом, украшаются перцем чили, зеленым луком и соусом сальса.",135 гр.,,,,
Хрустящий чизролл,"5 трубочек из хрустящего лаваша с начинкой из сыра Гауда и грецкого ореха. Оформляются сырным соусом, луковыми чипсами, паприкой и зеленью.",170 гр.,,,,
Хрустящая лапша с аджикой,"Жареная во фритюре домашняя лапша, подается с сырным соусом с добавлением аджики.",70/40 гр.,,,,
Тигровые креветки в сливочном соусе,"Очищенные тигровые креветки, обжаренные в сливочном соусе, с добавлением чеснока и томатов черри, подается с хрустящим подовым хлебом.",120/60/10 гр.,,,,
Салат с грушей и голубым сыром,"Микс листьев рукколы и салата фрилис, с карамелизованной грушей, апельсином конкассе, сыром дор блю, грецким орехом. Заправка – растительное масло, уксус бальзамический и сок лимона.

Конкассе - это кулинарный способ нарезки овощей (чаще всего помидоров) мелким кубиком без кожицы и семян.",220 гр.,,,,
Теплый салат с жареной свиной вырезкой,"Обжаренные ломтики свинины в кисло-сладком соусе, свежий огурец, красный лук, кинза, ростки сои.",225 гр.,,,,
Салат с хрустящими баклажанами и томатами,"Обжаренные ломтики баклажанов с томатами, болгарским перцем, красным луком и кинзой. Заправка в восточном стиле на основе сладкого чили, имбиря и чеснока.",220 гр.,,,,
Лионский салат с беконом и яйцом пашот,"Микс из листьев салата, ломтики обжаренного бекона, яйцо пашот, томаты черри, пармезан. Заправка из оливкового масла с лимонным соком.",185 гр.,,,,
Греко-салат с сыром фета,"Свежие огурцы, помидоры, болгарский перец, маслины, сыр фета, красный лук, петрушка, каперсы и базилик. Заправляется оливковым маслом, с добавлением лимонного сока и орегано.",280 гр.,,,,
"Салат с креветками, рукколой и гуакамоле","Микс из руколлы и романо, креветки обжаренные с чесноком, томаты черри. Соус гуакамоле (авокадо, сок лимона, специи). Заправляется соусом чили-лайт, на основе оливкового масла, сока лайма и кисло-сладкого соуса.",175 гр.,,,,
Куриный суп с домашней лапшой,"Куриный бульон с домашней лапшой, морковью, репчатым луком и яйцом. Посыпается зеленью.",350 гр.,,,,
Суп - гуляш в ржаной булке,"Густой мясной суп с овощами и говядиной. Подается со сметаной в хрустящей свежеиспеченной ржаной булке. Предупреждайте гостей, что он очень горячий!",300/150/40 гр.,,,,
Борщ,"Классический борщ из говядины, подается со сметаной и бородинскими гренками с крученым салом. 

Борщ убираем на лето и возвращаем осенью!",350/40 гр.,,,,
Окрошка с говядиной на домашнем квасе,"Картофель отварной, свежие огурцы, яйцо, редис, говядина отварная, зелень. Добавки: сметана, горчица и хрен.",100/250 гр.,,,,
Свиные рёбра,"Обжариваются и запекаются под фирменным соусом (апельсиновый сок, соевый соус, мед, приправа сумах, чеснок, соус чили, кетчуп). На гарнир – обжаренный картофель, домашнее лечо и перчики халапеньо. Украшение – хрен и зелень.",300/150/100 гр.,,,,
Свиная вырезка гриль с шампиньонами,"Три обжаренных и запеченных ломтика свинины, с гарниром из жаренных шампиньонов и перечным соусом на основе сливок и специй.",140/130 гр.,,,,
Рулька свиная,"Маринованная с можжевеловыми ягодами, кориандром, душистым перцем, чесноком, оливковым маслом, лавровым листом и запеченная до хрустящей корочки, промазывается медово-пивной глазурью. На гарнир – тушёная в пиве капуста и картофельный салат. Подаётся с горчицей.",600/200 гр.,,,,
Цыпленок с соусом «Терияки» с жаренным рисом и овощами,"Маринованные и обжаренные кусочки цыпленка под соусом «Терияки» с отварным рисом и обжаренными овощами – морковь, лук, капуста, чеснок, имбирь. Посыпается кунжутом и зеленым луком.",95/220/30 гр.,,,,
Свиная вырезка в китайском стиле,"Ломтики свинины, обжаренной в кисло-сладком соусе с овощами (морковь, болгарский перец, ростки сои, перец чили) и рисом. Кинза и кунжут.",300 гр.,,,,
Нюрнбергские колбаски с картофельным пюре и тушеной капустой,"Колбаска из куриного фарша, с соусом «ДемиГляс и BBQ». На гарнир тушеная капуста с беконом и картофельное пюре.",100/250 гр.,,,,
Колбаски карривурст с картофелем фри,"Колбаски из свинины в немецком стиле с приправой карри и соусом барбекю, на гарнир картофель фри.",150/140/60 гр.,,,,
Фирменные колбаски «BEERFACTORY» с красной капустой и картофельным пюре,"Сочные колбаски из рубленого фарша свинины и говядины, подаются с красной тушеной капустой, картофельным пюре и томатным соусом с добавлением карри.",120/200/40 гр.,,,,
Бургерfactory,"Булочка с кунжутом, котлета из говяжьего фарша, жареный бекон, огурцы маринованные, красный лук, сыр «Чеддер», лист салата, томаты, соус – майонез-горчица. Подаётся с картофелем фри и кетчупом.",300гр/150 гр.,,,,
Щучьи котлетки с картофельным пюре,"2 котлеты из щуки, обжаренные, подаются с картофельным пюре и сливочно-луковым соусом. Декорируются чипсами из лука, черной икрой (имитация) и зеленью.",170/150 гр.,,,,
Паста Карбонара,"Спагетти с беконом и сливочным соусом (сливки, чеснок, яйцо, сыр пармезан). Сверху посыпается тертым пармезаном и черным молотым перцем.",300 гр.,,,,
Тальятелле с разварной говядиной,Паста Тальятелле с разварной говядиной в сливочном соусе из белых грибов.,330 гр.,,,,
Пельмени домашние,"Традиционные отварные пельмени ручной лепки с начинкой из свинины и говядины, подаются со сметаной, горчицей, уксусом и сливочным маслом",250/40/30/25 гр.,,,,
Ассорти колбасок,"Колбаски Нюрнбергские (3–4шт), Купаты (2), колбаски Карривурст (3шт). На гарнир: капуста тушеная, красная капуста тушеная, картофельное пюре. Подается с соусами: «Ранч», острым томатным и горчично-огуречным.",390/450/120 гр.,,,,
Говядина гриль с фасолью романо,"Говяжья грудинка, обжаренная на гриле. Овощной гарнир с фасолью «Романо» (репчатый лук, чеснок, болгарский перец и морковь). Соус барбекю.",150/150 гр.,,,,
Тарт татен с шампиньонами и цыпленком,"В хрустящей пшеничной тортилье запекаются овощи (цукини, лук, чеснок, томаты), шампиньоны, копченое куриное филе, сливки и сыр сулугуни.",280 гр.,,,,
Оладьи из цыпленка с шампиньонами в сливочном соусе,"Нежные оладьи из мяса цыпленка, подаются с обжаренными шампиньонами, грибным соусом и салатом из рукколы.",110/60/10 гр.,,,,
Бифштекс из говядины с соусом Чеддер,Сочный Бифштекс из говяжьего фарша с картофелем фри и соусом из сыра чеддер.,180/100/60 гр.,,,,
Мурманская камбала с зеленой фасолью и томатами черри,"Обжаренные ломтики камбалы с гарниром из фасоли, чеснока, томатов черри.",250/100 гр.,,,,
Картофель фри,Классический картофель фри. Подаётся с кетчупом.,100 гр.,,,,
Картофельное пюре,Картофельное пюре.,150 гр.,,,,
Картофельные дольки,Картофельные дольки.,150 гр.,,,,
Картофель фри с сыром чеддер,Картофель фри под сливочным соусом с сыром чеддер.,160 гр.,,,,
Запечённый картофель,"Целый, запеченный в кожуре картофель со сметано-творожным кремом и зеленым луком.",180 гр.,,,,
Капуста тушеная с беконом,Тушеная капуста с беконом.,200 гр.,,,,
"Овощи, запеченные с моцареллой","Баклажаны, цукини, болгарский перец, лук, чеснок, тимьян, томаты запекаются с сыром моцарелла и зеленым маслом.",150 гр.,,,,
Фирменное сливочное мороженое с ржаным хлебом,"Оригинальный десерт собственного производства, сливочное мороженое с ржаной крошкой и изюмом.",100 гр.,,,,
Кайзершмаррн,"Австрийский сладкий десерт, нежные оладьи с изюмом. Подается со сгущенным молоком и сливовым вареньем. Посыпаются сахарной пудрой.",190/30 гр.,,,,
Шоколадный кекс с ванильным мороженым,"Горячий, свежеиспеченный кекс, с мягкой шоколадной начинкой. Подается с шариком мороженого, посыпается сахарной пудрой и украшается мятой.",180 гр.,,,,
"Торт домашний ""Наполеон""","Классический ""Наполеон"" собственного производства. Слоеные коржи с прослойкой из сливочного крема ""Патисьер"" и карамельным соусом.",180/25 гр.,,,,
Яблочный штрудель с мороженым и ванильным кремом,"Традиционный австрийский десерт с яблоками и изюмом, подаётся с ванильным соусом и сливочным мороженым.",165/50/40 гр.,,,,
"Соус ""Сырно-сливочный"" с чесноком и зеленью","Сыр фета, сметана, плавленый сыр, чеснок, укроп.",40 гр.,,,,
"Соус ""Томатный"" острый","Прокрученные томаты, чеснок, кориандр, тмин, красный перец, мед.",40 гр.,,,,
Соус «Тар-тар»,"Яйца, майонез, огурцы маринованные, яблочный уксус, петрушка.",40 гр.,,,,
"Соус ""Халапеньо""","Майонез, чеснок, халапеньо.",40 гр.,,,,
Соус «Сальса»,"Помидоры конкасе (очищенные от кожицы), красный лук, перец чили, кинза, чеснок.",40 гр.,,,,
Соус «Барбекю»,"Томаты в собственном соку, кетчуп, копчёная паприка, перец чили, мята.",40 гр.,,,,
"Соус ""Горчица""","Рассол собственного приготовления, горчичный порошок.",40 гр.,,,,
Соус «Ранч»,"Сметана, зелень, майонез, лук, чеснок.",40 гр.,,,,
Соус «Демигляс»,"Соус на основе концентрированного мясного бульона, выпаренного с овощами.",40 гр.,,,,
Домашнее лечо,"Лук, морковь, помидоры, болгарский перец, томатная паста, чеснок.",100 гр.,,,,
Томаты по-каталонски,"Легкая закуска-намазка из томатов в собственном соку с базиликом, чесноком и специями. Подается с поджаренным подовым (белым) хлебом.",150/70 гр.,намазки.png(https://pbt.storage.yandexcloud.net/nc/uploads/noco/p7e1e84wasa5nlq/mc7m3sa4m2x12dd/cosbqm0dqhlqtzh/%D0%BD%D0%B0%D0%BC%D0%B0%D0%B7%D0%BA%D0%B8_FYQYW.png?X-Amz-Algorithm=AWS4-HMAC-SHA256&X-Amz-Content-Sha256=UNSIGNED-PAYLOAD&X-Amz-Credential=NxjF5S1zfggO3fDBLWFg%2F20260903%2Fru-central1-d%2Fs3%2Faws4_request&X-Amz-Date=20260903T115322Z&X-Amz-Expires=7598&X-Amz-Signature=9af4a3ad5601d68e914aa088552023cd25c02e8c197a445634b707ebcc6ba10f&X-Amz-SignedHeaders=host&response-content-disposition=inline%3B%20filename%3D%22%3F%3F%3F%3F%3F%3F%3F.png%22%3B%20filename%2A%3DUTF-8%27%27%25D0%25BD%25D0%25B0%25D0%25BC%25D0%25B0%25D0%25B7%25D0%25BA%25D0%25B8.png&response-content-type=image%2Fpng&x-amz-checksum-mode=ENABLED&x-id=GetObject),https://pbt.storage.yandexcloud.net/nc/uploads/noco/p7e1e84wasa5nlq/mc7m3sa4m2x12dd/cosbqm0dqhlqtzh/%D0%BD%D0%B0%D0%BC%D0%B0%D0%B7%D0%BA%D0%B8_FYQYW.png,,
Тунцовая с каперсами,намазка из (консервированного) тунца с варенным яйцом и каперсами. Подается с поджаренным подовым (белым) хлебом.,115/50 гр.,,https://pbt.storage.yandexcloud.net/nc/uploads/noco/p7e1e84wasa5nlq/mc7m3sa4m2x12dd/cosbqm0dqhlqtzh/%D0%BD%D0%B0%D0%BC%D0%B0%D0%B7%D0%BA%D0%B8_FYQYW.png,,
Баклажанная с фетой,"Нежная намазка из баклажан с фетой, чесноком и базиликом. Подается с поджаренным подовым (белым) хлебом.",100/50 гр.,,https://pbt.storage.yandexcloud.net/nc/uploads/noco/p7e1e84wasa5nlq/mc7m3sa4m2x12dd/cosbqm0dqhlqtzh/%D0%BD%D0%B0%D0%BC%D0%B0%D0%B7%D0%BA%D0%B8_FYQYW.png,,
Паштет из печени с инжирным вареньем,Классическая закуска из куриной печени с домашним инжирным вареньем. Подается с поджаренным подовым (белым) хлебом,160/50 гр.,паштет.png(https://pbt.storage.yandexcloud.net/nc/uploads/noco/p7e1e84wasa5nlq/mc7m3sa4m2x12dd/cosbqm0dqhlqtzh/%D0%BF%D0%B0%D1%88%D1%82%D0%B5%D1%82_0Pe5N.png?X-Amz-Algorithm=AWS4-HMAC-SHA256&X-Amz-Content-Sha256=UNSIGNED-PAYLOAD&X-Amz-Credential=NxjF5S1zfggO3fDBLWFg%2F20260903%2Fru-central1-d%2Fs3%2Faws4_request&X-Amz-Date=20260903T115322Z&X-Amz-Expires=7598&X-Amz-Signature=b43db3185848938816bf7481e08c09b446cd86eddf3ecffcd7b21e60bcba7350&X-Amz-SignedHeaders=host&response-content-disposition=inline%3B%20filename%3D%22%3F%3F%3F%3F%3F%3F.png%22%3B%20filename%2A%3DUTF-8%27%27%25D0%25BF%25D0%25B0%25D1%2588%25D1%2582%25D0%25B5%25D1%2582.png&response-content-type=image%2Fpng&x-amz-checksum-mode=ENABLED&x-id=GetObject),https://pbt.storage.yandexcloud.net/nc/uploads/noco/p7e1e84wasa5nlq/mc7m3sa4m2x12dd/cosbqm0dqhlqtzh/%D0%BF%D0%B0%D1%88%D1%82%D0%B5%D1%82_0Pe5N.png,,
Тосты с сельдью,"Поджаренные тосты бородинского хлеба со сливочным маслом, с отварным яйцом, свежим огурцом, маринованным красным луком, филе селедки. Украшается зеленью и горчицей.",130 гр.,сельдь.png(https://pbt.storage.yandexcloud.net/nc/uploads/noco/p7e1e84wasa5nlq/mc7m3sa4m2x12dd/cosbqm0dqhlqtzh/%D1%81%D0%B5%D0%BB%D1%8C%D0%B4%D1%8C_wtZpR.png?X-Amz-Algorithm=AWS4-HMAC-SHA256&X-Amz-Content-Sha256=UNSIGNED-PAYLOAD&X-Amz-Credential=NxjF5S1zfggO3fDBLWFg%2F20260903%2Fru-central1-d%2Fs3%2Faws4_request&X-Amz-Date=20260903T115322Z&X-Amz-Expires=7598&X-Amz-Signature=bcde97c4057b026b392ebfc853ad56c7ad69b61b8eb8d8e4b7ff6a8cccbbf4d5&X-Amz-SignedHeaders=host&response-content-disposition=inline%3B%20filename%3D%22%3F%3F%3F%3F%3F%3F.png%22%3B%20filename%2A%3DUTF-8%27%27%25D1%2581%25D0%25B5%25D0%25BB%25D1%258C%25D0%25B4%25D1%258C.png&response-content-type=image%2Fpng&x-amz-checksum-mode=ENABLED&x-id=GetObject),https://pbt.storage.yandexcloud.net/nc/uploads/noco/p7e1e84wasa5nlq/mc7m3sa4m2x12dd/cosbqm0dqhlqtzh/%D1%81%D0%B5%D0%BB%D1%8C%D0%B4%D1%8C_wtZpR.png,,
Тар тар из говядины,"Холодная закуска из мелконарезанной говядины со специями, трюфельным соусом и маслом и пармезаном.",80/30/10 гр.,тар тар.png(https://pbt.storage.yandexcloud.net/nc/uploads/noco/p7e1e84wasa5nlq/mc7m3sa4m2x12dd/cosbqm0dqhlqtzh/%D1%82%D0%B0%D1%80%20%D1%82%D0%B0%D1%80_hMJgy.png?X-Amz-Algorithm=AWS4-HMAC-SHA256&X-Amz-Content-Sha256=UNSIGNED-PAYLOAD&X-Amz-Credential=NxjF5S1zfggO3fDBLWFg%2F20260903%2Fru-central1-d%2Fs3%2Faws4_request&X-Amz-Date=20260903T115322Z&X-Amz-Expires=7598&X-Amz-Signature=b7d0a7963ec934cdd0631025d659e6c50e89990b14c10230488d6751a8f8b810&X-Amz-SignedHeaders=host&response-content-disposition=inline%3B%20filename%3D%22%3F%3F%3F%20%3F%3F%3F.png%22%3B%20filename%2A%3DUTF-8%27%27%25D1%2582%25D0%25B0%25D1%2580%2520%25D1%2582%25D0%25B0%25D1%2580.png&response-content-type=image%2Fpng&x-amz-checksum-mode=ENABLED&x-id=GetObject),https://pbt.storage.yandexcloud.net/nc/uploads/noco/p7e1e84wasa5nlq/mc7m3sa4m2x12dd/cosbqm0dqhlqtzh/%D1%82%D0%B0%D1%80%20%D1%82%D0%B0%D1%80_hMJgy.png,,
Креветки на льду,"Отварные креветки с зеленью, чесноком и лимоном. Подается с коктейльным соусом – барбекю+майонез.",180/40/30 гр.,креветки лед.png(https://pbt.storage.yandexcloud.net/nc/uploads/noco/p7e1e84wasa5nlq/mc7m3sa4m2x12dd/cosbqm0dqhlqtzh/%D0%BA%D1%80%D0%B5%D0%B2%D0%B5%D1%82%D0%BA%D0%B8%20%D0%BB%D0%B5%D0%B4_wKAy5.png?X-Amz-Algorithm=AWS4-HMAC-SHA256&X-Amz-Content-Sha256=UNSIGNED-PAYLOAD&X-Amz-Credential=NxjF5S1zfggO3fDBLWFg%2F20260903%2Fru-central1-d%2Fs3%2Faws4_request&X-Amz-Date=20260903T115322Z&X-Amz-Expires=7598&X-Amz-Signature=97f511e1a90ebb32db51d6f77559bc8618c6ed3a30f052388f057cea64740259&X-Amz-SignedHeaders=host&response-content-disposition=inline%3B%20filename%3D%22%3F%3F%3F%3F%3F%3F%3F%3F%20%3F%3F%3F.png%22%3B%20filename%2A%3DUTF-8%27%27%25D0%25BA%25D1%2580%25D0%25B5%25D0%25B2%25D0%25B5%25D1%2582%25D0%25BA%25D0%25B8%2520%25D0%25BB%25D0%25B5%25D0%25B4.png&response-content-type=image%2Fpng&x-amz-checksum-mode=ENABLED&x-id=GetObject),https://pbt.storage.yandexcloud.net/nc/uploads/noco/p7e1e84wasa5nlq/mc7m3sa4m2x12dd/cosbqm0dqhlqtzh/%D0%BA%D1%80%D0%B5%D0%B2%D0%B5%D1%82%D0%BA%D0%B8%20%D0%BB%D0%B5%D0%B4_wKAy5.png,,
Сырная тарелка,"Разнообразие изысканных сыров: пармезан, дорблю, камамбер, бри, чеддер и жареный сыр косичка, а также кукурузные чипсы",195 гр.,,,,
"Томаты с рукколой, песто и молодым сыром","Легкая закуска из томатов, соуса песто, рукколы и сыра пармезана",200 гр.,,,,
Чипсы крабовые с соусом айоли,"Хрустящие крабовые чипсы, подаются с нежным соусом айоли, украшенным икрой летучей рыбы",63 гр.,,,,
Сельдь пряного посола с картофелем,"Ароматная и сельдь, подается с жареным бэби картофелем и маринованным красным луком, украшается зеленью",270 гр.,,,,
Итальянская салями и вяленая шейка,,60/40 гр.,,,,
Салат со свеклой,"Отварная свекла с листьями салата, кусочками грейпфрута, творожной фетой с добавлением варенья из черной смородины.",190 гр.,салат свекла.png(https://pbt.storage.yandexcloud.net/nc/uploads/noco/p7e1e84wasa5nlq/mc7m3sa4m2x12dd/cosbqm0dqhlqtzh/%D1%81%D0%B0%D0%BB%D0%B0%D1%82%20%D1%81%D0%B2%D0%B5%D0%BA%D0%BB%D0%B0_CXUJK.png?X-Amz-Algorithm=AWS4-HMAC-SHA256&X-Amz-Content-Sha256=UNSIGNED-PAYLOAD&X-Amz-Credential=NxjF5S1zfggO3fDBLWFg%2F20260903%2Fru-central1-d%2Fs3%2Faws4_request&X-Amz-Date=20260903T115322Z&X-Amz-Expires=7598&X-Amz-Signature=2bf7b3a882df5f05fdf47772af0f917481557e9f3dc9fe72facb32817e5ae396&X-Amz-SignedHeaders=host&response-content-disposition=inline%3B%20filename%3D%22%3F%3F%3F%3F%3F%20%3F%3F%3F%3F%3F%3F.png%22%3B%20filename%2A%3DUTF-8%27%27%25D1%2581%25D0%25B0%25D0%25BB%25D0%25B0%25D1%2582%2520%25D1%2581%25D0%25B2%25D0%25B5%25D0%25BA%25D0%25BB%25D0%25B0.png&response-content-type=image%2Fpng&x-amz-checksum-mode=ENABLED&x-id=GetObject),https://pbt.storage.yandexcloud.net/nc/uploads/noco/p7e1e84wasa5nlq/mc7m3sa4m2x12dd/cosbqm0dqhlqtzh/%D1%81%D0%B0%D0%BB%D0%B0%D1%82%20%D1%81%D0%B2%D0%B5%D0%BA%D0%BB%D0%B0_CXUJK.png,,
Салат с телячьим языком,"Свежие и маринованные огурцы, отварное яйцо и кусочки телячьего языка, всё заправлено мягким майонезом и горчицей. В состав входят: варёный картофель беби, хрустящий салат айсберг, а также соль, перец и ароматные специи",260 гр.,,,,
"Салат с креветками, рукколой и гуакамоле","Свежая руккола и салат айсберг, дополненные сочными помидорами черри и аппетитными креветками. Всё это заправлено ароматным растительным маслом с чесноком, солью и молотым перцем. Подается с насыщенным соусом гуакамоле и острым соусом чили, а также маслом чили для усиления вкуса. Лёгкое, освежающее и пряное блюдо",220 гр.,,,,
Греко салат,"Лёгкий салат с сыром фета, свежими огурцами, сочными помидорами, красным луком и болгарским перцем, дополненные маслинами без костей и каперсами",290 гр.,,,,
Зеленый салат с цыпленком в соусе унаги,"Маринованный цыпленок в соусе унаги с салатным миксом и стеблями сельдерея, замешанный тунцовой намазкой и посыпается пармезаном.",100/105 гр.,салат цыпа.png(https://pbt.storage.yandexcloud.net/nc/uploads/noco/p7e1e84wasa5nlq/mc7m3sa4m2x12dd/cosbqm0dqhlqtzh/%D1%81%D0%B0%D0%BB%D0%B0%D1%82%20%D1%86%D1%8B%D0%BF%D0%B0_UhaH2.png?X-Amz-Algorithm=AWS4-HMAC-SHA256&X-Amz-Content-Sha256=UNSIGNED-PAYLOAD&X-Amz-Credential=NxjF5S1zfggO3fDBLWFg%2F20260903%2Fru-central1-d%2Fs3%2Faws4_request&X-Amz-Date=20260903T115322Z&X-Amz-Expires=7598&X-Amz-Signature=3a71599b99030721de061537825a87181d2161437701be18bbcad237ea0c19aa&X-Amz-SignedHeaders=host&response-content-disposition=inline%3B%20filename%3D%22%3F%3F%3F%3F%3F%20%3F%3F%3F%3F.png%22%3B%20filename%2A%3DUTF-8%27%27%25D1%2581%25D0%25B0%25D0%25BB%25D0%25B0%25D1%2582%2520%25D1%2586%25D1%258B%25D0%25BF%25D0%25B0.png&response-content-type=image%2Fpng&x-amz-checksum-mode=ENABLED&x-id=GetObject),https://pbt.storage.yandexcloud.net/nc/uploads/noco/p7e1e84wasa5nlq/mc7m3sa4m2x12dd/cosbqm0dqhlqtzh/%D1%81%D0%B0%D0%BB%D0%B0%D1%82%20%D1%86%D1%8B%D0%BF%D0%B0_UhaH2.png,,
Вяленая оленина,Вяленое мясо собственного производства!,40 гр.,,,,
Свиной окорок,Вяленое мясо собственного производства!,50 гр.,,,,
Кешью с морской солью,Обжаренные орехи кешью с морской солью.,70 гр.,,,,
Начос с беконом и сыром,"Хрустящие кукурузные чипсы, запеченные с беконом, сыром и соусом сальса.",,,,,
Фламмкухен с беконом,"Пшеничная тортилья промазанная сметаной с сыром сулугуни, луком порей и беконом.",240 гр.,,,,
Крокеты из картофеля,Картофельные шарики в панировке с сырным и унаги соусами. Посыпается стружкой из тунца.,170 гр.,,,,
Картофель фри с розмарином и пармезаном,"Картофель фри посыпанный тёртым сыром ""Пармезан"" и сушёным розмарином. Подаётся без соуса.",150/10 гр.,,,,
Острые крылья,Маринованные крылья в остром маринаде со стиками из моркови и сельдерея. Подается с соусом барбекю.,160/50/40 гр.,остры.png(https://pbt.storage.yandexcloud.net/nc/uploads/noco/p7e1e84wasa5nlq/mc7m3sa4m2x12dd/cosbqm0dqhlqtzh/%D0%BE%D1%81%D1%82%D1%80%D1%8B_6OHY2.png?X-Amz-Algorithm=AWS4-HMAC-SHA256&X-Amz-Content-Sha256=UNSIGNED-PAYLOAD&X-Amz-Credential=NxjF5S1zfggO3fDBLWFg%2F20260903%2Fru-central1-d%2Fs3%2Faws4_request&X-Amz-Date=20260903T115322Z&X-Amz-Expires=7598&X-Amz-Signature=fc9ac32b883f1eb2a6eca8c0748a5ed0acceead4b68e432f7fda9035e4dcbfab&X-Amz-SignedHeaders=host&response-content-disposition=inline%3B%20filename%3D%22%3F%3F%3F%3F%3F.png%22%3B%20filename%2A%3DUTF-8%27%27%25D0%25BE%25D1%2581%25D1%2582%25D1%2580%25D1%258B.png&response-content-type=image%2Fpng&x-amz-checksum-mode=ENABLED&x-id=GetObject),https://pbt.storage.yandexcloud.net/nc/uploads/noco/p7e1e84wasa5nlq/mc7m3sa4m2x12dd/cosbqm0dqhlqtzh/%D0%BE%D1%81%D1%82%D1%80%D1%8B_6OHY2.png,,
Бородинские гренки,"Хлеб во фритюре, смазанный чесноком и специями. Сверху посыпается смесью из сыров (моцарелла, чеддер , пармезан и голландский. Подается с коктейльным соусом и маринованными огурцами.",120/40/30 гр.,гренки.png(https://pbt.storage.yandexcloud.net/nc/uploads/noco/p7e1e84wasa5nlq/mc7m3sa4m2x12dd/cosbqm0dqhlqtzh/%D0%B3%D1%80%D0%B5%D0%BD%D0%BA%D0%B8_Pxnx9.png?X-Amz-Algorithm=AWS4-HMAC-SHA256&X-Amz-Content-Sha256=UNSIGNED-PAYLOAD&X-Amz-Credential=NxjF5S1zfggO3fDBLWFg%2F20260903%2Fru-central1-d%2Fs3%2Faws4_request&X-Amz-Date=20260903T115322Z&X-Amz-Expires=7598&X-Amz-Signature=e43b686f51a141b74add29fc8d4677cfae6d2d5bc6dc46b2e0085ca1540bc83a&X-Amz-SignedHeaders=host&response-content-disposition=inline%3B%20filename%3D%22%3F%3F%3F%3F%3F%3F.png%22%3B%20filename%2A%3DUTF-8%27%27%25D0%25B3%25D1%2580%25D0%25B5%25D0%25BD%25D0%25BA%25D0%25B8.png&response-content-type=image%2Fpng&x-amz-checksum-mode=ENABLED&x-id=GetObject),https://pbt.storage.yandexcloud.net/nc/uploads/noco/p7e1e84wasa5nlq/mc7m3sa4m2x12dd/cosbqm0dqhlqtzh/%D0%B3%D1%80%D0%B5%D0%BD%D0%BA%D0%B8_Pxnx9.png,,
Жареный сыр фри,"Жаренные в кляре кусочки сыра моцарелла, подаваемые с насыщенным сырно-чесночным соусом",155 гр.,,,,
Креветки темпура,"Очищенные креветки, маринованные в соусе понзу в кляре из рисовой муки. Подаются с тайским соусом.",100/40 гр.,креветки.png(https://pbt.storage.yandexcloud.net/nc/uploads/noco/p7e1e84wasa5nlq/mc7m3sa4m2x12dd/cosbqm0dqhlqtzh/%D0%BA%D1%80%D0%B5%D0%B2%D0%B5%D1%82%D0%BA%D0%B8_fLPRx.png?X-Amz-Algorithm=AWS4-HMAC-SHA256&X-Amz-Content-Sha256=UNSIGNED-PAYLOAD&X-Amz-Credential=NxjF5S1zfggO3fDBLWFg%2F20260903%2Fru-central1-d%2Fs3%2Faws4_request&X-Amz-Date=20260903T115322Z&X-Amz-Expires=7598&X-Amz-Signature=6656464208224145e4dc7cf8c4148b07ca249b9b0e2c749b0a2d3861b4f75a7a&X-Amz-SignedHeaders=host&response-content-disposition=inline%3B%20filename%3D%22%3F%3F%3F%3F%3F%3F%3F%3F.png%22%3B%20filename%2A%3DUTF-8%27%27%25D0%25BA%25D1%2580%25D0%25B5%25D0%25B2%25D0%25B5%25D1%2582%25D0%25BA%25D0%25B8.png&response-content-type=image%2Fpng&x-amz-checksum-mode=ENABLED&x-id=GetObject),https://pbt.storage.yandexcloud.net/nc/uploads/noco/p7e1e84wasa5nlq/mc7m3sa4m2x12dd/cosbqm0dqhlqtzh/%D0%BA%D1%80%D0%B5%D0%B2%D0%B5%D1%82%D0%BA%D0%B8_fLPRx.png,,
Тигровые креветки Помодоро с хрустящим хлебом,"Сочные тигровые креветки, тушенные с чесноком и острым чили, в насыщенном соусе из томатов по-каталонски. Подаются с кусочками свежего хлеба",275 гр.,,,,
Запечённый камамбер с инжирным вареньем и хрустящим хлебом,"Запечённый камамбер со специями, подается с хрустящим подовым хлебом, вареньем из инжира",,,,,
Суп-крем из шампиньонов,"Из белых грибов и шампиньонов с луком, картофелем, сливками, панировочными сухарями и специями. Декорируется трюфельным маслом и молочной пеной.",270 гр.,крем грибн.png(https://pbt.storage.yandexcloud.net/nc/uploads/noco/p7e1e84wasa5nlq/mc7m3sa4m2x12dd/cosbqm0dqhlqtzh/%D0%BA%D1%80%D0%B5%D0%BC%20%D0%B3%D1%80%D0%B8%D0%B1%D0%BD_TdOUw.png?X-Amz-Algorithm=AWS4-HMAC-SHA256&X-Amz-Content-Sha256=UNSIGNED-PAYLOAD&X-Amz-Credential=NxjF5S1zfggO3fDBLWFg%2F20260903%2Fru-central1-d%2Fs3%2Faws4_request&X-Amz-Date=20260903T115322Z&X-Amz-Expires=7598&X-Amz-Signature=d317181f70564c6b902eb449941a79719e657d92434efe9beaa598d199ecc375&X-Amz-SignedHeaders=host&response-content-disposition=inline%3B%20filename%3D%22%3F%3F%3F%3F%20%3F%3F%3F%3F%3F.png%22%3B%20filename%2A%3DUTF-8%27%27%25D0%25BA%25D1%2580%25D0%25B5%25D0%25BC%2520%25D0%25B3%25D1%2580%25D0%25B8%25D0%25B1%25D0%25BD.png&response-content-type=image%2Fpng&x-amz-checksum-mode=ENABLED&x-id=GetObject),https://pbt.storage.yandexcloud.net/nc/uploads/noco/p7e1e84wasa5nlq/mc7m3sa4m2x12dd/cosbqm0dqhlqtzh/%D0%BA%D1%80%D0%B5%D0%BC%20%D0%B3%D1%80%D0%B8%D0%B1%D0%BD_TdOUw.png,,
Густой суп-гуляш,"Наваристый бульон из говядины, лука, моркови, болгарского перца, чеснока, картофеля, томатов с/с, сельдерея и приправ. Подается со сметаной.",300/40 гр.,гуля.png(https://pbt.storage.yandexcloud.net/nc/uploads/noco/p7e1e84wasa5nlq/mc7m3sa4m2x12dd/cosbqm0dqhlqtzh/%D0%B3%D1%83%D0%BB%D1%8F_qHReT.png?X-Amz-Algorithm=AWS4-HMAC-SHA256&X-Amz-Content-Sha256=UNSIGNED-PAYLOAD&X-Amz-Credential=NxjF5S1zfggO3fDBLWFg%2F20260903%2Fru-central1-d%2Fs3%2Faws4_request&X-Amz-Date=20260903T115322Z&X-Amz-Expires=7598&X-Amz-Signature=3e0023b1858ecf2eea73dc7f500d804cd7183d3c4ad7a3179ba72f1889eb9027&X-Amz-SignedHeaders=host&response-content-disposition=inline%3B%20filename%3D%22%3F%3F%3F%3F.png%22%3B%20filename%2A%3DUTF-8%27%27%25D0%25B3%25D1%2583%25D0%25BB%25D1%258F.png&response-content-type=image%2Fpng&x-amz-checksum-mode=ENABLED&x-id=GetObject),https://pbt.storage.yandexcloud.net/nc/uploads/noco/p7e1e84wasa5nlq/mc7m3sa4m2x12dd/cosbqm0dqhlqtzh/%D0%B3%D1%83%D0%BB%D1%8F_qHReT.png,,
Фо-Бо с говядиной,"Ароматный насыщенный говяжий бульон с тонкими ломтиками сырой говядины, лапшой, лаймом, ростками сои, зеленью и специями, подается с уксусом",400 гр.,,,,
Карбонара,Классическая сливочная паста с беконом и пармезаном.,300 гр.,,,,
Спагетти с трюфельным соусом и пармезаном,Сливочная паста с трюфельным соусом и пармезаном.,355 гр.,трюф.png(https://pbt.storage.yandexcloud.net/nc/uploads/noco/p7e1e84wasa5nlq/mc7m3sa4m2x12dd/cosbqm0dqhlqtzh/%D1%82%D1%80%D1%8E%D1%84_Lku39.png?X-Amz-Algorithm=AWS4-HMAC-SHA256&X-Amz-Content-Sha256=UNSIGNED-PAYLOAD&X-Amz-Credential=NxjF5S1zfggO3fDBLWFg%2F20260903%2Fru-central1-d%2Fs3%2Faws4_request&X-Amz-Date=20260903T115322Z&X-Amz-Expires=7598&X-Amz-Signature=874914bbcd24261009041e8414924f3975c985b305cb9263fb6123868ba8ec6a&X-Amz-SignedHeaders=host&response-content-disposition=inline%3B%20filename%3D%22%3F%3F%3F%3F.png%22%3B%20filename%2A%3DUTF-8%27%27%25D1%2582%25D1%2580%25D1%258E%25D1%2584.png&response-content-type=image%2Fpng&x-amz-checksum-mode=ENABLED&x-id=GetObject),https://pbt.storage.yandexcloud.net/nc/uploads/noco/p7e1e84wasa5nlq/mc7m3sa4m2x12dd/cosbqm0dqhlqtzh/%D1%82%D1%80%D1%8E%D1%84_Lku39.png,,
Рисовая лапша с креветками и овощами,"Рисовая лапша, обжаренная со специями, овощами, тигровыми креветками в соусе унаги, украшается кинзой",,,,,
Кальмар гриль со шпинатом,"Кальмар на грили с тушенным шпинатом и брокколи, чесноком подается со сливочным и унаги соусом.",100/90/40 гр.,кальмар.png(https://pbt.storage.yandexcloud.net/nc/uploads/noco/p7e1e84wasa5nlq/mc7m3sa4m2x12dd/cosbqm0dqhlqtzh/%D0%BA%D0%B0%D0%BB%D1%8C%D0%BC%D0%B0%D1%80_lal0q.png?X-Amz-Algorithm=AWS4-HMAC-SHA256&X-Amz-Content-Sha256=UNSIGNED-PAYLOAD&X-Amz-Credential=NxjF5S1zfggO3fDBLWFg%2F20260903%2Fru-central1-d%2Fs3%2Faws4_request&X-Amz-Date=20260903T115322Z&X-Amz-Expires=7598&X-Amz-Signature=488b70f1494e50c2837a9acb7406dc9eae358c2c08c933359ee76223d6c16ae4&X-Amz-SignedHeaders=host&response-content-disposition=inline%3B%20filename%3D%22%3F%3F%3F%3F%3F%3F%3F.png%22%3B%20filename%2A%3DUTF-8%27%27%25D0%25BA%25D0%25B0%25D0%25BB%25D1%258C%25D0%25BC%25D0%25B0%25D1%2580.png&response-content-type=image%2Fpng&x-amz-checksum-mode=ENABLED&x-id=GetObject),https://pbt.storage.yandexcloud.net/nc/uploads/noco/p7e1e84wasa5nlq/mc7m3sa4m2x12dd/cosbqm0dqhlqtzh/%D0%BA%D0%B0%D0%BB%D1%8C%D0%BC%D0%B0%D1%80_lal0q.png,,
Мидии запечённые с соусом спайси,"Сочные мидии, запечённые под острым и ароматным соусом спайси. Блюдо украшено свежей кинзой и дополнено пикантным маслом чили",275 гр.,,,,
Филе трески темпура с картофелем фри,Хрустящее филе трески в кляре подается с нежным соусом айоли и порцией хрустящего картофеля фри,385 гр.,,,,
Телячий язык с соусом из баклажана и феты,"Отварной и обжаренный на гриле телячий язык, подается с баклажанной намазкой и свежим базиликом",230 гр.,,,,
"""Бистро"" Колбаски карривурст с картофелем фри","Колбаски из свинины в немецком стиле с приправой карри и соусом барбекю, на гарнир картофель фри.",150/140/60 гр.,карри.png(https://pbt.storage.yandexcloud.net/nc/uploads/noco/p7e1e84wasa5nlq/mc7m3sa4m2x12dd/cosbqm0dqhlqtzh/%D0%BA%D0%B0%D1%80%D1%80%D0%B8_a5teM.png?X-Amz-Algorithm=AWS4-HMAC-SHA256&X-Amz-Content-Sha256=UNSIGNED-PAYLOAD&X-Amz-Credential=NxjF5S1zfggO3fDBLWFg%2F20260903%2Fru-central1-d%2Fs3%2Faws4_request&X-Amz-Date=20260903T115322Z&X-Amz-Expires=7598&X-Amz-Signature=02285a3486b5f560e1e31d03f9890a1e0beccd19e45a12c6042787b5eed2d665&X-Amz-SignedHeaders=host&response-content-disposition=inline%3B%20filename%3D%22%3F%3F%3F%3F%3F.png%22%3B%20filename%2A%3DUTF-8%27%27%25D0%25BA%25D0%25B0%25D1%2580%25D1%2580%25D0%25B8.png&response-content-type=image%2Fpng&x-amz-checksum-mode=ENABLED&x-id=GetObject),https://pbt.storage.yandexcloud.net/nc/uploads/noco/p7e1e84wasa5nlq/mc7m3sa4m2x12dd/cosbqm0dqhlqtzh/%D0%BA%D0%B0%D1%80%D1%80%D0%B8_a5teM.png,,
"""Бистро"" Нюрнбергские колбаски с молодым картофелем","Колбаска из куриного фарша, с соусом барбекю. На гарнир бейби картофель.",150/150/60 гр.,нюрки.png(https://pbt.storage.yandexcloud.net/nc/uploads/noco/p7e1e84wasa5nlq/mc7m3sa4m2x12dd/cosbqm0dqhlqtzh/%D0%BD%D1%8E%D1%80%D0%BA%D0%B8_prYuG.png?X-Amz-Algorithm=AWS4-HMAC-SHA256&X-Amz-Content-Sha256=UNSIGNED-PAYLOAD&X-Amz-Credential=NxjF5S1zfggO3fDBLWFg%2F20260903%2Fru-central1-d%2Fs3%2Faws4_request&X-Amz-Date=20260903T115322Z&X-Amz-Expires=7598&X-Amz-Signature=017260e1b17da66ffdbaf9d32a1224add3c820a59a4e611aa9e96740230f1658&X-Amz-SignedHeaders=host&response-content-disposition=inline%3B%20filename%3D%22%3F%3F%3F%3F%3F.png%22%3B%20filename%2A%3DUTF-8%27%27%25D0%25BD%25D1%258E%25D1%2580%25D0%25BA%25D0%25B8.png&response-content-type=image%2Fpng&x-amz-checksum-mode=ENABLED&x-id=GetObject),https://pbt.storage.yandexcloud.net/nc/uploads/noco/p7e1e84wasa5nlq/mc7m3sa4m2x12dd/cosbqm0dqhlqtzh/%D0%BD%D1%8E%D1%80%D0%BA%D0%B8_prYuG.png,,
"""Бистро"" Свиные ребра с картофелем",Свиные ребра в соусе BBQ с бейби картофелем.,280/150 гр.,ребра.png(https://pbt.storage.yandexcloud.net/nc/uploads/noco/p7e1e84wasa5nlq/mc7m3sa4m2x12dd/cosbqm0dqhlqtzh/%D1%80%D0%B5%D0%B1%D1%80%D0%B0_9l205.png?X-Amz-Algorithm=AWS4-HMAC-SHA256&X-Amz-Content-Sha256=UNSIGNED-PAYLOAD&X-Amz-Credential=NxjF5S1zfggO3fDBLWFg%2F20260903%2Fru-central1-d%2Fs3%2Faws4_request&X-Amz-Date=20260903T115322Z&X-Amz-Expires=7598&X-Amz-Signature=c336c6c74f6cd6cce157fca11c96dd3f84b284d34e1c4df5c2732630ce1456a4&X-Amz-SignedHeaders=host&response-content-disposition=inline%3B%20filename%3D%22%3F%3F%3F%3F%3F.png%22%3B%20filename%2A%3DUTF-8%27%27%25D1%2580%25D0%25B5%25D0%25B1%25D1%2580%25D0%25B0.png&response-content-type=image%2Fpng&x-amz-checksum-mode=ENABLED&x-id=GetObject),https://pbt.storage.yandexcloud.net/nc/uploads/noco/p7e1e84wasa5nlq/mc7m3sa4m2x12dd/cosbqm0dqhlqtzh/%D1%80%D0%B5%D0%B1%D1%80%D0%B0_9l205.png,,
"""Бистро"" Запеченные мозговые кости с трюфельной пастой",Говяжьи мозговые кости с перечным соусом и панировочными сухарями. Сверху украшаются трюфельной пастой и подаются с намазкой томаты по-каталонски и хрустящим подовым хлебом.,600/55/40/60 гр.,,,,
Жульен из цыпленка с белыми грибами,"Куриное филе с белыми грибами, луком, моцареллой и соусом жульен (майонез, сметана, мускат, соль, перец, оливки и петрушка). Украшается каперсами и поливается трюфельным маслом.",350 гр.,жюля.png(https://pbt.storage.yandexcloud.net/nc/uploads/noco/p7e1e84wasa5nlq/mc7m3sa4m2x12dd/cosbqm0dqhlqtzh/%D0%B6%D1%8E%D0%BB%D1%8F_NC97K.png?X-Amz-Algorithm=AWS4-HMAC-SHA256&X-Amz-Content-Sha256=UNSIGNED-PAYLOAD&X-Amz-Credential=NxjF5S1zfggO3fDBLWFg%2F20260903%2Fru-central1-d%2Fs3%2Faws4_request&X-Amz-Date=20260903T115322Z&X-Amz-Expires=7598&X-Amz-Signature=a5ae62a278ad16dca4d79ea00e8329861d9ea1ce46ac8a748b30706902531949&X-Amz-SignedHeaders=host&response-content-disposition=inline%3B%20filename%3D%22%3F%3F%3F%3F.png%22%3B%20filename%2A%3DUTF-8%27%27%25D0%25B6%25D1%258E%25D0%25BB%25D1%258F.png&response-content-type=image%2Fpng&x-amz-checksum-mode=ENABLED&x-id=GetObject),https://pbt.storage.yandexcloud.net/nc/uploads/noco/p7e1e84wasa5nlq/mc7m3sa4m2x12dd/cosbqm0dqhlqtzh/%D0%B6%D1%8E%D0%BB%D1%8F_NC97K.png,,
Свиная вырезка со шпинатом и перечным соусом,Свиные стейки с обжаренным шпинатом в сливках и перечном соусе.,180/60/105 гр.,вырезка.png(https://pbt.storage.yandexcloud.net/nc/uploads/noco/p7e1e84wasa5nlq/mc7m3sa4m2x12dd/cosbqm0dqhlqtzh/%D0%B2%D1%8B%D1%80%D0%B5%D0%B7%D0%BA%D0%B0_xtXpS.png?X-Amz-Algorithm=AWS4-HMAC-SHA256&X-Amz-Content-Sha256=UNSIGNED-PAYLOAD&X-Amz-Credential=NxjF5S1zfggO3fDBLWFg%2F20260903%2Fru-central1-d%2Fs3%2Faws4_request&X-Amz-Date=20260903T115322Z&X-Amz-Expires=7598&X-Amz-Signature=0a1be5f3324068fabb1f832219bcb24e052bed42dd4126be96b407657730c061&X-Amz-SignedHeaders=host&response-content-disposition=inline%3B%20filename%3D%22%3F%3F%3F%3F%3F%3F%3F.png%22%3B%20filename%2A%3DUTF-8%27%27%25D0%25B2%25D1%258B%25D1%2580%25D0%25B5%25D0%25B7%25D0%25BA%25D0%25B0.png&response-content-type=image%2Fpng&x-amz-checksum-mode=ENABLED&x-id=GetObject),https://pbt.storage.yandexcloud.net/nc/uploads/noco/p7e1e84wasa5nlq/mc7m3sa4m2x12dd/cosbqm0dqhlqtzh/%D0%B2%D1%8B%D1%80%D0%B5%D0%B7%D0%BA%D0%B0_xtXpS.png,,
Пельмени сибирские,"Традиционные отварные пельмени ручной лепки с начинкой из свинины и говядины, подаются со сметаной, горчицей, уксусом и сливочным маслом",300 гр.,,,,
Молодой картофель с зеленью,"Бейби картофель, обжаренный на сливочном масле с чесноком, посыпается петрушкой.",150 гр.,,,,
Овощи гриль,"Помидоры, кабачок, болгарский перец и баклажаны гриль, запекаются с сыром моцарелла.",210 гр.,,,,
"""Бистро"" Картофель фри с кетчупом",Классический картофель фри. Подаётся с кетчупом.,150/30 гр.,,,,
Шу,"Заварное пирожное с кремом патисьер, шоколадным соусом и ванильным мороженым.",60/60/50/20/50 гр.,,,,
Фирменное сливочное мороженое с ржаным хлебом,"Оригинальный десерт собственного производства, сливочное мороженое с хлебной ржаной крошкой и изюмом.",135 гр.,,,,
Горячий шоколадный кекс,"Запечённый шоколадный кекс с мягкой сердцевиной, украшается шариком мороженого, сахарной пудрой и шоколадной буквой В",,,,,
Десерт Павлова,"Воздушная меренга, промазанная кремом патисьер с черной смородиной (посыпается пудрой из сушенной смородины и вишни).",105 гр.,,,,
"""Бистро"" Салат с баклажанами, томатами и сырным соусом","Салат с хрустящими баклажанами, свежими томатами, творожным сыром, зеленью и кисло-сладкой заправкой.",300 гр.,,,"перец болгарский, красный лук, помидоры свежие, кинза, баклажан, сыр творожный, сыр Фета, крахмал, соль. соус для баклажанов: имбирь, чеснок, соевый соус, кисло-сладкий соус",
"""Бистро"" Севиче из тунца с томатами и начос","Состав: филе тунца, помидоры свежие, лук красный, соль, лайм, соус шрирача, масло растительное, кинза, чипсы начос",190 гр.,,,,
"""Бистро"" Фламмкухен с пепперони","Горячая пицца на тонком тесте, промазывается сметаной с добавлением соуса халапеньо, томатов, с сыром моцарелла, луком порей и салями пепперони. ",170 гр.,,,"лук порей очищенный, базилик, колбаски пеперони, сыр, помидоры свежие, соус халапеньо, сметана, лепешка тортилья",
"""Бистро"" Лепешка Роти с тунцом и сырным соусом","Состав: филе тунца, соус кисло-сладкий, икра летучей рыбы, лепешка роти, огурцы свежие, кинза, соус шрирача, сыр творожный, сыр Фета
",160 гр.,,,"филе тунца, соус кисло-сладкий, икра летучей рыбы, лепешка роти, огурцы свежие, кинза, соус шрирача, сыр творожный, сыр Фета",
"""Бистро"" Окрошка на квасе с говядиной","Состав: говядина отварная, квас домашний, хрен сливочный, соль, сметана, горчица, зелень очищенная (лук, укроп), яйцо, редис, картофель отварной, огурцы свежие",365 гр.,,,,
"""Бистро"" Оладьи из цыпленка с грибным соусом","Состав: куриные оладьи, масло растительное, соус (шампиньоны свежие, масло растительное, бульон, сливки, чеснок), зелень (петрушка, укроп, лук), лук красный, перец, руккола",340 гр.,,,,
"""Бистро"" Бифштекс из говядины с трюфельным соусом","Состав: котлета, масло растительное, трюфельная паста, трюфельный соус, сливки, соус соевый, зелень, соль, яйцо пашот, хлеб",370 гр.,,,,
"""Бистро"" Батат фри с кетчупом","Состав: фри батат, соль, кетчуп",190 гр.,,,,
"""Бистро"" Тигровые креветки в сливочно-чесночном соусе","Состав: креветки тигровые, соль, томаты черри, масло растительное, чеснок, сливки, зелень, хлеб",340 гр.,,,,
"""Бистро"" Картофель фри с соусом чеддер и пепперони","Состав: картофель фри, сыр чеддер, сливки, колбаски пепперони, сыр пармезан, петрушка, укроп, лук зелёный 
",190 гр.,,,,
"""Бистро"" Ассорти к пиву","Состав: крокеты картофельные, сыр фри, сыр косичка жареный, наггетсы, картофель фри, гренки, соус айоли, соус сырно-чесночный, соус барбекю",650 гр.,,,,